RANK_THIS_WEEK,RANK_LAST_WEEK,PLAYER_NAME,ROUNDS,AVG,TOTAL_DISTANCE,TOTAL_DRIVES,YEAR
1,,Rory McIlroy,64,319.7,"39,000",122,Y2018
2,,Trey Mullinax,75,318.3,"43,929",138,Y2018
3,,Tom Lovelady,87,315.9,"51,168",162,Y2018
4,,Tony Finau,105,315.1,"56,721",180,Y2018
5,,Luke List,98,314.6,"54,746",174,Y2018
6,,Dustin Johnson,77,314,"43,953",140,Y2018
7,,Gary Woodland,96,313.5,"52,042",166,Y2018
8,,Brooks Koepka,64,313.4,"36,350",116,Y2018
9,,Bubba Watson,90,313.1,"49,470",158,Y2018
10,,Keith Mitchell,99,312.6,"60,646",194,Y2018
11,,Justin Thomas,91,311.8,"46,153",148,Y2018
12,,Brendan Steele,74,310.3,"39,103",126,Y2018
13,,Kevin Tway,110,310.1,"59,535",192,Y2018
14,,Jason Day,75,310,"37,195",120,Y2018
15,,Jason Kokrak,99,309.5,"61,277",198,Y2018
16,,Jon Rahm,71,308.9,"38,298",124,Y2018
17,,Kevin Chappell,77,308.6,"45,670",148,Y2018
18,,Harold Varner III,91,308.2,"49,935",162,Y2018
T19,,Byeong Hun An,86,307.9,"49,257",160,Y2018
T19,,Robert Garrigus,80,307.9,"46,803",152,Y2018
21,,Nick Watney,94,307.5,"55,353",180,Y2018
22,,Grayson Murray,72,307.3,"39,331",128,Y2018
23,,Tommy Fleetwood,73,306.9,"38,059",124,Y2018
24,,J.B. Holmes,77,306.1,"43,466",142,Y2018
25,,Bryson DeChambeau,93,305.7,"56,854",186,Y2018
26,,Adam Schenk,86,305.5,"48,881",160,Y2018
27,,Ryan Palmer,69,305.2,"38,459",126,Y2018
28,,Xander Schauffele,96,304.9,"49,388",162,Y2018
29,,Adam Scott,78,304.6,"42,649",140,Y2018
30,,Matt Jones,70,304.5,"37,757",124,Y2018
31,,Paul Casey,74,304.3,"35,909",118,Y2018
T32,,Jhonattan Vegas,92,303.6,"46,756",154,Y2018
T32,,Tiger Woods,68,303.6,"41,286",136,Y2018
T34,,Patrick Rodgers,97,303.5,"51,601",170,Y2018
T34,,Justin Rose,70,303.5,"37,630",124,Y2018
36,,Corey Conners,97,303.3,"56,421",186,Y2018
37,,Jamie Lovemark,92,303.2,"48,514",160,Y2018
T38,,Patrick Cantlay,87,303.1,"46,078",152,Y2018
T38,,Brandon Harkins,101,303.1,"57,591",190,Y2018
40,,Aaron Wise,90,302.9,"53,314",176,Y2018
T41,,Bronson Burgoon,69,302.8,"41,785",138,Y2018
T41,,Sam Saunders,80,302.8,"44,817",148,Y2018
T41,,Hudson Swafford,73,302.8,"33,307",110,Y2018
44,,Sean O'Hair,67,302.7,"38,139",126,Y2018
45,,Seamus Power,86,302.6,"47,212",156,Y2018
46,,Lanto Griffin,80,302.5,"44,773",148,Y2018
47,,Harris English,84,302.4,"47,182",156,Y2018
48,,Peter Uihlein,83,302.2,"42,313",140,Y2018
49,,Hideki Matsuyama,75,302,"38,657",128,Y2018
T50,,Matt Atkins,56,301.4,"31,346",104,Y2018
T50,,Ollie Schniederjans,91,301.4,"47,622",158,Y2018
T52,,Cody Gribble,71,301,"34,319",114,Y2018
T52,,Francesco Molinari,73,301,"39,730",132,Y2018
54,,Charles Howell III,104,300.9,"52,953",176,Y2018
T55,,Shane Lowry,64,300.7,"33,674",112,Y2018
T55,,J.T. Poston,73,300.7,"42,698",142,Y2018
57,,Phil Mickelson,90,300.3,"49,848",166,Y2018
T58,,Martin Flores,92,300,"49,195",164,Y2018
T58,,Chesson Hadley,103,300,"59,397",198,Y2018
T58,,Beau Hossler,104,300,"62,394",208,Y2018
T61,,Rickie Fowler,74,299.8,"44,363",148,Y2018
T61,,Louis Oosthuizen,62,299.8,"32,383",108,Y2018
T61,,Jordan Spieth,81,299.8,"45,563",152,Y2018
64,,Scott Stallings,96,299.7,"51,556",172,Y2018
T65,,Keegan Bradley,98,299.6,"50,932",170,Y2018
T65,,Shawn Stefani,76,299.6,"44,338",148,Y2018
T67,,Charley Hoffman,87,299.5,"47,912",160,Y2018
T67,,Charl Schwartzel,65,299.5,"27,557",92,Y2018
T69,,Stephan Jaeger,81,299.2,"44,877",150,Y2018
T69,,Alex Noren,67,299.2,"33,506",112,Y2018
T71,,Martin Laird,73,299,"38,865",130,Y2018
T71,,Ethan Tracy,72,299,"40,662",136,Y2018
T71,,Jimmy Walker,81,299,"46,051",154,Y2018
T74,,Talor Gooch,78,298.9,"43,039",144,Y2018
T74,,Branden Grace,67,298.9,"31,089",104,Y2018
76,,Tyrrell Hatton,58,298.8,"29,878",100,Y2018
T77,,James Hahn,85,298.7,"44,212",148,Y2018
T77,,Patton Kizzire,92,298.7,"53,174",178,Y2018
T77,,Xinjun Zhang,81,298.7,"42,417",142,Y2018
80,,Marc Leishman,93,298.5,"48,952",164,Y2018
81,,Cameron Smith,85,298.4,"41,770",140,Y2018
82,,J.J. Spaun,85,298.2,"47,108",158,Y2018
T83,,Stewart Cink,87,298.1,"47,107",158,Y2018
T83,,Patrick Reed,94,298.1,"46,509",156,Y2018
T85,,Daniel Berger,81,297.7,"40,490",136,Y2018
T85,,Lucas Glover,65,297.7,"29,171",98,Y2018
87,,Sam Ryder,82,297.3,"47,568",160,Y2018
88,,Jason Dufner,71,297.1,"35,652",120,Y2018
89,,Dominic Bozzelli,65,297,"38,614",130,Y2018
90,,Hunter Mahan,67,296.9,"37,415",126,Y2018
91,,Brice Garnett,99,296.7,"56,382",190,Y2018
92,,Scott Piercy,84,296.6,"45,088",152,Y2018
93,,Michael Thompson,62,296.4,"34,387",116,Y2018
T94,,Retief Goosen,60,296.2,"30,806",104,Y2018
T94,,Bill Haas,76,296.2,"41,474",140,Y2018
96,,Abraham Ancer,98,296.1,"56,850",192,Y2018
97,,Joel Dahmen,93,295.8,"50,290",170,Y2018
98,,Kyle Stanley,93,295.7,"44,940",152,Y2018
99,,Cameron Percy,56,295.6,"29,559",100,Y2018
T100,,Bud Cauley,55,295.4,"26,582",90,Y2018
T100,,Billy Horschel,86,295.4,"48,445",164,Y2018
T100,,Denny McCarthy,71,295.4,"37,224",126,Y2018
T100,,Troy Merritt,89,295.4,"50,222",170,Y2018
T100,,Brett Stegmaier,67,295.4,"36,034",122,Y2018
105,,Aaron Baddeley,84,295.3,"46,068",156,Y2018
106,,Emiliano Grillo,94,295.2,"49,588",168,Y2018
T107,,Rafa Cabrera Bello,75,295.1,"34,232",116,Y2018
T107,,Kevin Streelman,94,295.1,"54,307",184,Y2018
109,,Mackenzie Hughes,80,294.9,"44,824",152,Y2018
T110,,Kiradech Aphibarnrat,51,294.7,"24,757",84,Y2018
T110,,Blayne Barber,69,294.7,"39,488",134,Y2018
112,,Tyler Duncan,97,294.4,"54,752",186,Y2018
113,,Matt Every,79,294.2,"44,123",150,Y2018
114,,Anirban Lahiri,82,294,"43,507",148,Y2018
115,,Nate Lashley,51,293.9,"27,629",94,Y2018
116,,Andrew Putnam,97,293.8,"52,295",178,Y2018
117,,Webb Simpson,95,293.7,"54,042",184,Y2018
T118,,Satoshi Kodaira,51,293.6,"28,190",96,Y2018
T118,,Ian Poulter,73,293.6,"32,879",112,Y2018
120,,Nicholas Lindheim,77,293.5,"40,507",138,Y2018
121,,Graeme McDowell,67,293.2,"32,252",110,Y2018
T122,,Jonas Blixt,67,293.1,"31,072",106,Y2018
T122,,Sung Kang,89,293.1,"45,143",154,Y2018
T122,,Brandt Snedeker,84,293.1,"48,064",164,Y2018
125,,Russell Henley,77,293,"38,678",132,Y2018
T126,,C.T. Pan,104,292.7,"52,679",180,Y2018
T126,,Nick Taylor,94,292.7,"48,009",164,Y2018
T128,,Scott Brown,102,292.6,"52,663",180,Y2018
T128,,Robert Streb,78,292.6,"38,628",132,Y2018
T130,,Austin Cook,107,292.3,"62,543",214,Y2018
T130,,Rory Sabbatini,91,292.3,"52,026",178,Y2018
132,,Martin Piller,79,292.2,"45,000",154,Y2018
T133,,Zecheng Dou,53,291.9,"26,270",90,Y2018
T133,,Brian Harman,94,291.9,"47,866",164,Y2018
T135,,J.J. Henry,81,291.8,"43,765",150,Y2018
T135,,Richy Werenski,98,291.8,"51,355",176,Y2018
T137,,Jonathan Byrd,70,291.7,"36,168",124,Y2018
T137,,Russell Knox,94,291.7,"50,170",172,Y2018
139,,Henrik Stenson,60,291.5,"30,319",104,Y2018
140,,Tom Hoge,101,291.4,"54,199",186,Y2018
141,,Conrad Shindler,60,291.3,"32,621",112,Y2018
T142,,Fabián Gómez,88,291.1,"48,903",168,Y2018
T142,,Andrew Landry,82,291.1,"46,569",160,Y2018
T144,,Peter Malnati,87,290.9,"48,282",166,Y2018
T144,,Pat Perez,82,290.9,"36,659",126,Y2018
T146,,Si Woo Kim,108,290.8,"53,512",184,Y2018
T146,,Kevin Kisner,89,290.8,"45,369",156,Y2018
T148,,Ricky Barnes,65,290.6,"34,295",118,Y2018
T148,,Danny Lee,88,290.6,"45,333",156,Y2018
T148,,Andrew Yun,51,290.6,"26,153",90,Y2018
151,,Tyrone Van Aswegen,101,290.3,"53,713",185,Y2018
152,,Ben Silverman,90,290.2,"48,754",168,Y2018
153,,Michael Kim,74,289.9,"38,265",132,Y2018
T154,,Zach Johnson,94,289.8,"50,427",174,Y2018
T154,,Chris Kirk,108,289.8,"59,123",204,Y2018
T154,,Chris Stroud,81,289.8,"37,675",130,Y2018
T157,,Ben Martin,64,289.6,"37,069",128,Y2018
T157,,Kevin Na,91,289.6,"45,175",156,Y2018
T159,,Adam Hadwin,92,289.4,"44,574",154,Y2018
T159,,Jonathan Randolph,71,289.4,"37,625",130,Y2018
T161,,William McGirt,84,289.3,"45,130",156,Y2018
T161,,Cameron Tringale,67,289.3,"36,450",126,Y2018
163,,Ryan Moore,78,289.2,"45,109",156,Y2018
164,,Derek Fathauer,84,289.1,"46,256",160,Y2018
165,,Ryan Blaum,81,289,"45,079",156,Y2018
166,,Steve Wheatcroft,60,288.9,"33,515",116,Y2018
167,,Kelly Kraft,94,288.6,"48,478",168,Y2018
168,,Rod Pampling,62,288.4,"28,842",100,Y2018
169,,Matt Kuchar,88,288,"43,781",152,Y2018
T170,,John Huh,94,287.1,"51,686",180,Y2018
T170,,Daniel Summerhays,51,287.1,"25,836",90,Y2018
172,,Alex Cejka,77,286.7,"39,567",138,Y2018
T173,,Chad Campbell,87,286.5,"40,684",142,Y2018
T173,,Chez Reavie,93,286.5,"42,402",148,Y2018
175,,Roberto Díaz,72,286.3,"38,935",136,Y2018
T176,,Vaughn Taylor,83,286.1,"45,208",158,Y2018
T176,,Johnson Wagner,75,286.1,"39,487",138,Y2018
178,,"Ted Potter, Jr.",87,286,"49,759",174,Y2018
179,,Whee Kim,93,285.8,"46,299",162,Y2018
180,,David Lingmerth,82,285.4,"44,515",156,Y2018
181,,Kyle Thompson,50,285.3,"26,249",92,Y2018
182,,Rob Oppenheim,74,285.2,"38,787",136,Y2018
183,,David Hearn,66,285.1,"34,210",120,Y2018
184,,Billy Hurley III,70,284,"36,354",128,Y2018
185,,Ryan Armour,109,283.5,"60,663",214,Y2018
186,,Brian Gay,103,282.9,"57,155",202,Y2018
187,,Greg Chalmers,56,282.8,"29,413",104,Y2018
188,,Ben Crane,65,281.1,"30,921",110,Y2018
189,,D.A. Points,63,280.8,"32,015",114,Y2018
190,,Jim Furyk,50,280.5,"26,930",96,Y2018
191,,Wesley Bryan,69,280.4,"30,844",110,Y2018
192,,Zac Blair,64,279.5,"32,427",116,Y2018
193,,Brian Stuard,103,278.9,"54,106",194,Y2018
1,1,Rory McIlroy,51,316.7,"26,600",84,Y2017
2,2,Dustin Johnson,77,314.4,"40,241",128,Y2017
3,3,Brandon Hagy,85,312.7,"48,162",154,Y2017
4,4,Luke List,102,311.5,"61,046",196,Y2017
5,5,Andrew Loupe,55,311.3,"32,371",104,Y2017
T6,T6,Ryan Brehm,83,310.5,"45,340",146,Y2017
T6,T6,Brooks Koepka,88,310.5,"44,717",144,Y2017
8,8,Justin Thomas,86,309.3,"41,451",134,Y2017
T9,T9,Tony Finau,106,309.2,"61,842",200,Y2017
T9,T9,Kevin Tway,96,309.2,"54,421",176,Y2017
11,11,Trey Mullinax,88,308.8,"48,176",156,Y2017
12,12,Grayson Murray,94,308.2,"55,483",180,Y2017
13,13,Gary Woodland,94,306.9,"47,268",154,Y2017
14,14,J.B. Holmes,83,306.4,"41,674",136,Y2017
T15,T15,Jason Day,71,306.3,"39,203",128,Y2017
T15,T15,Patrick Rodgers,76,306.3,"42,884",140,Y2017
T15,T15,Xander Schauffele,96,306.3,"53,916",176,Y2017
18,18,Adam Scott,58,306.1,"29,390",96,Y2017
19,19,Jon Rahm,90,305.8,"49,536",162,Y2017
20,20,Jason Kokrak,95,305.7,"53,184",174,Y2017
21,21,Bubba Watson,71,305.6,"34,840",114,Y2017
22,22,Hudson Swafford,94,305.1,"52,477",172,Y2017
23,23,Smylie Kaufman,76,304.8,"40,842",134,Y2017
24,24,Kevin Chappell,95,304.7,"47,539",156,Y2017
25,25,Jamie Lovemark,98,304.5,"53,596",176,Y2017
26,26,Ryan Palmer,61,303.1,"30,917",102,Y2017
27,27,Hideki Matsuyama,83,302.9,"38,776",128,Y2017
28,28,Matt Jones,64,302.6,"33,891",112,Y2017
29,29,Harold Varner III,101,302.4,"57,462",190,Y2017
30,30,Tag Ridings,67,301.6,"35,583",118,Y2017
31,31,Harris English,84,301.2,"43,379",144,Y2017
32,32,Graham DeLaet,82,301.1,"45,769",152,Y2017
T33,T33,Sergio Garcia,65,300.9,"30,093",100,Y2017
T33,T33,Nick Watney,75,300.9,"41,521",138,Y2017
35,35,Jhonattan Vegas,95,300.8,"48,126",160,Y2017
T36,T36,Robert Garrigus,78,300.7,"43,307",144,Y2017
T36,T36,Ollie Schniederjans,92,300.7,"52,321",174,Y2017
38,38,Martin Flores,88,300.6,"48,705",162,Y2017
39,39,Rickie Fowler,78,300.5,"40,863",136,Y2017
40,40,Justin Rose,66,300.4,"37,254",124,Y2017
T41,T41,Byeong Hun An,77,299.9,"37,193",124,Y2017
T41,T41,Brendan Steele,89,299.9,"45,580",152,Y2017
43,43,Billy Horschel,88,299.5,"50,323",168,Y2017
44,44,Keegan Bradley,104,299.4,"56,296",188,Y2017
45,45,Andres Gonzales,73,299.2,"41,289",138,Y2017
46,46,Bryson DeChambeau,91,299.1,"52,050",174,Y2017
47,47,Patrick Cantlay,52,298.9,"28,699",96,Y2017
48,48,Seung-Yul Noh,91,298.5,"51,943",174,Y2017
49,49,Charl Schwartzel,63,298.4,"32,224",108,Y2017
50,50,Charley Hoffman,112,298.3,"62,053",208,Y2017
T51,T51,Lucas Glover,93,298.1,"52,463",176,Y2017
T51,T51,Marc Leishman,94,298.1,"48,882",164,Y2017
T51,T51,Seamus Power,86,298.1,"47,702",160,Y2017
54,54,Rick Lamb,54,298,"29,798",100,Y2017
55,55,Matt Every,76,297.7,"41,672",140,Y2017
T56,T56,Russell Henley,99,297.6,"55,357",186,Y2017
T56,T56,Scott Stallings,81,297.6,"45,832",154,Y2017
T58,T58,Cody Gribble,79,297.2,"45,770",154,Y2017
T58,T58,Sean O'Hair,84,297.2,"46,361",156,Y2017
T60,T60,Paul Casey,94,297,"46,325",156,Y2017
T60,T60,Anirban Lahiri,72,297,"40,391",136,Y2017
62,62,Charles Howell III,86,296.9,"46,318",156,Y2017
T63,T63,Daniel Berger,91,296.5,"45,063",152,Y2017
T63,T63,Kyle Stanley,104,296.5,"59,304",200,Y2017
65,65,Sung Kang,104,296.4,"58,094",196,Y2017
66,66,Martin Laird,83,296.1,"46,784",158,Y2017
T67,T67,Brian Campbell,55,296,"30,188",102,Y2017
T67,T67,Bud Cauley,92,296,"50,910",172,Y2017
T67,T67,Sebastián Muñoz,51,296,"29,004",98,Y2017
70,70,Stewart Cink,93,295.8,"52,659",178,Y2017
71,71,Jimmy Walker,68,295.7,"34,894",118,Y2017
72,72,Patrick Reed,107,295.3,"51,971",176,Y2017
73,73,Louis Oosthuizen,69,295.2,"31,879",108,Y2017
T74,T74,Shane Lowry,52,295.1,"24,200",82,Y2017
T74,T74,Scott Piercy,70,295.1,"33,637",114,Y2017
76,76,Jordan Spieth,85,295,"43,660",148,Y2017
77,77,J.T. Poston,95,294.8,"50,117",170,Y2017
T78,T78,Jason Dufner,89,294.5,"47,113",160,Y2017
T78,T78,Hunter Mahan,73,294.5,"41,814",142,Y2017
80,80,Dominic Bozzelli,69,294.4,"38,278",130,Y2017
T81,T81,Mackenzie Hughes,106,294.3,"61,211",208,Y2017
T81,T81,Robert Streb,98,294.3,"52,980",180,Y2017
83,83,J.J. Henry,92,294.1,"50,585",172,Y2017
T84,T84,Shawn Stefani,72,294,"39,985",136,Y2017
T84,T84,Kevin Streelman,90,294,"51,736",176,Y2017
T86,T86,James Hahn,96,293.9,"54,083",184,Y2017
T86,T86,Morgan Hoffmann,92,293.9,"51,728",176,Y2017
88,88,Sam Saunders,76,293.6,"41,097",140,Y2017
T89,T89,Julián Etulain,68,293.5,"36,978",126,Y2017
T89,T89,Phil Mickelson,85,293.5,"46,956",160,Y2017
T91,T91,Emiliano Grillo,90,293,"45,127",154,Y2017
T91,T91,Patton Kizzire,84,293,"44,531",152,Y2017
T93,T93,Aaron Baddeley,61,292.6,"31,014",106,Y2017
T93,T93,Cameron Smith,86,292.6,"47,989",164,Y2017
T95,T95,Jim Herman,77,292.5,"41,536",142,Y2017
T95,T95,Cameron Percy,71,292.5,"38,027",130,Y2017
97,97,Bill Haas,92,292.3,"45,019",154,Y2017
98,98,Gonzalo Fernandez-Castaño,63,292.1,"32,720",112,Y2017
T99,T99,Kelly Kraft,75,291.9,"41,453",142,Y2017
T99,T99,Francesco Molinari,75,291.9,"38,535",132,Y2017
101,101,Retief Goosen,52,291.8,"26,843",92,Y2017
102,102,Ben Martin,86,291.7,"46,087",158,Y2017
T103,T103,Rory Sabbatini,71,291.6,"37,911",130,Y2017
T103,T103,Nick Taylor,97,291.6,"55,408",190,Y2017
105,105,J.J. Spaun,92,291.5,"50,146",172,Y2017
T106,T106,Blayne Barber,77,291.2,"41,355",142,Y2017
T106,T106,Richy Werenski,81,291.2,"43,102",148,Y2017
108,108,Danny Lee,93,291.1,"49,486",170,Y2017
109,109,Rafa Cabrera Bello,63,291,"27,934",96,Y2017
110,110,Adam Hadwin,98,290.7,"52,331",180,Y2017
T111,T111,Branden Grace,70,290.6,"29,644",102,Y2017
T111,T111,Pat Perez,93,290.6,"48,828",168,Y2017
113,113,Boo Weekley,75,289.9,"42,332",146,Y2017
T114,T114,David Lingmerth,79,289.8,"38,828",134,Y2017
T114,T114,Troy Merritt,82,289.8,"42,887",148,Y2017
T116,T116,Brian Harman,104,289.6,"53,280",184,Y2017
T116,T116,Michael Kim,94,289.6,"52,130",180,Y2017
118,118,Whee Kim,74,289.4,"39,354",136,Y2017
119,119,Scott Brown,95,289,"52,591",182,Y2017
T120,T120,Jonas Blixt,74,288.8,"40,435",140,Y2017
T120,T120,Ryo Ishikawa,56,288.8,"30,035",104,Y2017
T122,T122,Kevin Kisner,105,288.7,"49,657",172,Y2017
T122,T122,Brett Stegmaier,78,288.7,"41,573",144,Y2017
T122,T122,Camilo Villegas,76,288.7,"41,579",144,Y2017
125,125,Si Woo Kim,80,288.4,"36,337",126,Y2017
126,126,Brad Fritsch,56,288.3,"29,988",104,Y2017
T127,T127,Miguel Angel Carballo,63,288.1,"32,849",114,Y2017
T127,T127,Johnson Wagner,71,288.1,"36,299",126,Y2017
T129,T129,Russell Knox,75,288,"34,561",120,Y2017
T129,T129,Ryan Moore,82,288,"40,894",142,Y2017
131,131,Rod Pampling,71,287.8,"40,864",142,Y2017
132,132,Steven Bowditch,59,287.3,"31,608",110,Y2017
T133,T133,Jonathan Randolph,68,287.2,"33,887",118,Y2017
T133,T133,Tyrone Van Aswegen,105,287.2,"53,412",186,Y2017
T135,T135,John Huh,92,287.1,"48,229",168,Y2017
T135,T135,Nicholas Lindheim,58,287.1,"32,151",112,Y2017
T135,T135,C.T. Pan,88,287.1,"48,230",168,Y2017
138,138,Chris Kirk,89,287,"47,637",166,Y2017
139,139,Daniel Summerhays,100,286.9,"49,340",172,Y2017
T140,T140,Zach Johnson,81,286.8,"41,872",146,Y2017
T140,T140,Chris Stroud,67,286.8,"33,847",118,Y2017
T142,T142,Derek Fathauer,81,286.5,"40,684",142,Y2017
T142,T142,Geoff Ogilvy,80,286.5,"41,261",144,Y2017
144,144,Brett Drewitt,57,286.4,"30,356",106,Y2017
145,145,Webb Simpson,102,286.2,"54,381",190,Y2017
146,146,Kyle Reifers,96,286.1,"48,062",168,Y2017
147,147,Chad Campbell,97,285.6,"53,121",186,Y2017
T148,T148,Fabián Gómez,61,285.1,"33,638",118,Y2017
T148,T148,Tom Hoge,54,285.1,"26,226",92,Y2017
T148,T148,Matt Kuchar,95,285.1,"47,892",168,Y2017
151,151,Ricky Barnes,100,284.9,"50,148",176,Y2017
T152,T152,William McGirt,89,284.8,"44,995",158,Y2017
T152,T152,Chez Reavie,98,284.8,"49,553",174,Y2017
T152,T152,Michael Thompson,60,284.8,"31,903",112,Y2017
155,155,Ryan Blaum,100,284.1,"54,539",192,Y2017
156,156,Mark Anderson,54,283.8,"29,512",104,Y2017
T157,T157,Ernie Els,52,283.6,"24,960",88,Y2017
T157,T157,Kevin Na,86,283.6,"39,703",140,Y2017
159,159,Ian Poulter,72,283.5,"36,282",128,Y2017
160,160,Mark Hubbard,81,282.7,"39,581",140,Y2017
161,161,Vaughn Taylor,90,282.4,"47,446",168,Y2017
162,162,Peter Malnati,91,282.3,"45,737",162,Y2017
163,163,K.J. Choi,72,282.2,"34,993",124,Y2017
164,164,Alex Cejka,85,282.1,"41,184",146,Y2017
165,165,Chad Collins,66,281.4,"34,898",124,Y2017
166,166,David Hearn,93,281,"45,517",162,Y2017
167,167,Cameron Tringale,89,280.9,"44,390",158,Y2017
168,168,Brandt Snedeker,53,280.8,"25,829",92,Y2017
169,169,Steve Wheatcroft,51,280.5,"26,370",94,Y2017
T170,T170,Roberto Castro,70,280.2,"34,749",124,Y2017
T170,T170,Carl Pettersson,63,280.2,"33,066",118,Y2017
172,172,Wesley Bryan,95,279.6,"49,775",178,Y2017
173,173,Tim Wilkinson,64,279.5,"32,427",116,Y2017
T174,T174,Spencer Levin,89,279,"45,191",162,Y2017
T174,T174,Graeme McDowell,56,279,"30,128",108,Y2017
176,176,Ryan Armour,63,278.8,"32,898",118,Y2017
177,177,Brian Gay,82,278.7,"43,483",156,Y2017
T178,T178,Ben Crane,86,278.5,"44,000",158,Y2017
T178,T178,Luke Donald,50,278.5,"26,732",96,Y2017
180,180,D.A. Points,68,278.1,"37,816",136,Y2017
181,181,Greg Chalmers,75,278,"39,470",142,Y2017
182,182,Bryce Molder,74,277,"40,994",148,Y2017
T183,T183,Steven Alker,69,276.9,"34,884",126,Y2017
T183,T183,Billy Hurley III,80,276.9,"42,083",152,Y2017
185,185,Jason Bohn,75,275.9,"39,180",142,Y2017
186,186,Ken Duke,77,274.2,"38,939",142,Y2017
187,187,Søren Kjeldsen,58,273.6,"24,621",90,Y2017
188,188,Zac Blair,105,272.7,"51,820",190,Y2017
189,189,Brian Stuard,93,272.3,"44,109",162,Y2017
190,190,Jim Furyk,54,270.1,"25,388",94,Y2017
1,1,J.B. Holmes,77,314.5,"46,541",148,Y2016
2,2,Dustin Johnson,87,313.6,"48,921",156,Y2016
3,3,Tony Finau,95,312.2,"56,820",182,Y2016
4,4,Bubba Watson,72,310.6,"40,382",130,Y2016
5,5,Andrew Loupe,75,309.3,"46,084",149,Y2016
6,6,Jason Kokrak,89,307.4,"54,711",178,Y2016
T7,T7,Luke List,79,306.9,"47,257",154,Y2016
T7,T7,Hudson Swafford,104,306.9,"61,380",200,Y2016
9,9,Rory McIlroy,69,306.8,"35,585",116,Y2016
10,10,Gary Woodland,95,306.1,"50,811",166,Y2016
11,11,Jamie Lovemark,91,304.8,"55,160",181,Y2016
12,12,Ryan Palmer,86,304.7,"52,410",172,Y2016
13,13,Adam Scott,79,304.6,"41,422",136,Y2016
14,14,Jhonattan Vegas,97,304.4,"56,616",186,Y2016
15,15,Jason Day,76,304.2,"41,973",138,Y2016
16,16,Justin Rose,65,303.9,"37,687",124,Y2016
17,17,Charles Howell III,91,303.4,"52,788",174,Y2016
18,18,Robert Garrigus,69,303.3,"39,128",129,Y2016
19,19,Brooks Koepka,75,302.6,"42,359",140,Y2016
T20,T20,Sean O'Hair,89,302.2,"53,787",178,Y2016
T20,T20,Brendan Steele,88,302.2,"48,355",160,Y2016
22,22,Harold Varner III,92,302,"54,967",182,Y2016
23,23,Rickie Fowler,80,301.6,"44,029",146,Y2016
T24,T24,Justin Thomas,99,301.3,"53,034",176,Y2016
T24,T24,Jimmy Walker,85,301.3,"49,410",164,Y2016
26,26,Patrick Rodgers,89,300.5,"51,088",170,Y2016
27,27,Keegan Bradley,82,300,"46,794",156,Y2016
28,28,Sergio Garcia,54,299.9,"25,792",86,Y2016
29,29,Harris English,97,299.2,"52,951",177,Y2016
30,30,Smylie Kaufman,91,299,"52,632",176,Y2016
31,31,Carlos Ortiz,79,298.9,"42,439",142,Y2016
32,32,Shane Lowry,57,298.7,"29,869",100,Y2016
33,33,Martin Laird,82,298.5,"46,569",156,Y2016
34,34,Daniel Berger,92,298.4,"48,337",162,Y2016
35,35,Lucas Glover,75,298.3,"44,751",150,Y2016
36,36,Charley Hoffman,91,298.2,"52,477",176,Y2016
T37,T37,Graham DeLaet,70,297.9,"38,728",130,Y2016
T37,T37,Scott Piercy,87,297.9,"44,680",150,Y2016
39,39,Greg Owen,85,297.7,"45,851",154,Y2016
40,40,Rhein Gibson,58,297.5,"32,126",108,Y2016
41,41,Patrick Reed,105,297.4,"55,324",186,Y2016
42,42,Stewart Cink,61,296.9,"33,842",114,Y2016
43,43,Scott Pinckney,87,296.8,"48,085",162,Y2016
44,44,Charl Schwartzel,73,296.7,"39,161",132,Y2016
45,45,Chesson Hadley,81,296.5,"44,174",149,Y2016
46,46,Kevin Chappell,93,296.3,"52,737",178,Y2016
47,47,Nick Taylor,83,296.2,"44,429",150,Y2016
T48,T48,Branden Grace,63,295.6,"30,742",104,Y2016
T48,T48,Russell Henley,76,295.6,"44,929",152,Y2016
50,50,Scott Stallings,74,295.5,"41,368",140,Y2016
51,51,Jordan Spieth,80,295.4,"42,543",144,Y2016
T52,T52,Seung-Yul Noh,85,295.3,"47,834",162,Y2016
T52,T52,Brett Stegmaier,87,295.3,"49,902",169,Y2016
54,54,Paul Casey,77,295.2,"38,966",132,Y2016
55,55,Marc Leishman,89,295,"46,020",156,Y2016
T56,T56,Matt Jones,83,294.8,"42,153",143,Y2016
T56,T56,Hunter Mahan,61,294.8,"33,612",114,Y2016
T56,T56,Phil Mickelson,75,294.8,"42,456",144,Y2016
T59,T59,Andres Gonzales,80,294.7,"45,980",156,Y2016
T59,T59,Andrew Landry,53,294.7,"28,876",98,Y2016
T59,T59,Wes Roach,59,294.7,"32,415",110,Y2016
T59,T59,Robert Streb,87,294.7,"44,496",151,Y2016
T63,T63,Ángel Cabrera,62,294.6,"36,530",124,Y2016
T63,T63,Derek Ernst,59,294.6,"33,585",114,Y2016
65,65,Hideki Matsuyama,76,294.5,"39,467",134,Y2016
66,66,Morgan Hoffmann,71,294.4,"37,100",126,Y2016
67,67,Emiliano Grillo,93,294.3,"50,626",172,Y2016
68,68,Louis Oosthuizen,63,294,"30,571",104,Y2016
69,69,Si Woo Kim,113,293.5,"63,684",217,Y2016
70,70,Jason Dufner,105,293.2,"57,471",196,Y2016
71,71,Bronson Burgoon,83,293.1,"46,018",157,Y2016
72,72,Billy Horschel,73,293,"41,020",140,Y2016
73,73,Willy Wilcox,67,292.9,"38,080",130,Y2016
74,74,Ernie Els,66,292.8,"36,310",124,Y2016
75,75,Brandt Snedeker,93,292.6,"52,078",178,Y2016
76,76,Scott Brown,88,292.5,"49,144",168,Y2016
77,77,Sung Kang,89,292.4,"50,873",174,Y2016
78,78,Shawn Stefani,91,292.1,"50,817",174,Y2016
79,79,Steve Marino,72,292,"39,415",135,Y2016
80,80,Geoff Ogilvy,63,291.9,"34,439",118,Y2016
81,81,Sam Saunders,69,291.8,"37,940",130,Y2016
T82,T82,Aaron Baddeley,93,291.7,"51,925",178,Y2016
T82,T82,Anirban Lahiri,72,291.7,"35,587",122,Y2016
84,84,Boo Weekley,83,291.5,"48,383",166,Y2016
85,85,Michael Thompson,71,291.4,"39,340",135,Y2016
86,86,Patton Kizzire,93,291.3,"51,848",178,Y2016
87,87,Jim Herman,93,291.1,"51,815",178,Y2016
88,88,James Hahn,85,290.9,"46,543",160,Y2016
89,89,Thomas Aiken,70,290.5,"36,016",124,Y2016
90,90,Jonas Blixt,79,290.3,"44,126",152,Y2016
91,91,Dawie van der Walt,72,290.2,"40,622",140,Y2016
92,92,Adam Hadwin,93,290.1,"53,672",185,Y2016
T93,T93,Kelly Kraft,63,289.8,"33,906",117,Y2016
T93,T93,Vijay Singh,72,289.8,"41,732",144,Y2016
T95,T95,Brian Harman,104,289.7,"57,648",199,Y2016
T95,T95,John Senden,88,289.7,"47,215",163,Y2016
T97,T97,Blayne Barber,84,289.6,"46,331",160,Y2016
T97,T97,Bill Haas,86,289.6,"47,495",164,Y2016
T97,T97,Padraig Harrington,54,289.6,"28,960",100,Y2016
100,100,Tom Hoge,81,289.5,"44,584",154,Y2016
101,101,Johnson Wagner,86,289.4,"49,779",172,Y2016
102,102,Luke Guthrie,57,289.3,"31,822",110,Y2016
103,103,Jason Gore,78,289.2,"40,486",140,Y2016
104,104,Kevin Streelman,82,289.1,"47,406",164,Y2016
T105,T105,Fabián Gómez,82,289,"45,664",158,Y2016
T105,T105,Kevin Kisner,97,289,"49,704",172,Y2016
107,107,Steven Bowditch,71,288.9,"36,398",126,Y2016
T108,T108,Retief Goosen,55,288.8,"31,764",110,Y2016
T108,T108,Hiroshi Iwata,85,288.8,"45,339",157,Y2016
T108,T108,Ben Martin,92,288.8,"48,520",168,Y2016
111,111,Derek Fathauer,94,288.2,"54,190",188,Y2016
T112,T112,Henrik Norlander,71,288.1,"38,316",133,Y2016
T112,T112,Kyle Stanley,92,288.1,"51,001",177,Y2016
T114,T114,Daniel Summerhays,99,288,"52,423",182,Y2016
T114,T114,Tyrone Van Aswegen,105,288,"58,178",202,Y2016
116,116,Chad Campbell,90,287.9,"49,522",172,Y2016
117,117,Rod Pampling,54,287.7,"28,768",100,Y2016
T118,T118,Ricky Barnes,97,287.6,"53,488",186,Y2016
T118,T118,Whee Kim,82,287.6,"44,870",156,Y2016
T118,T118,William McGirt,98,287.6,"56,373",196,Y2016
T118,T118,Rory Sabbatini,57,287.6,"28,762",100,Y2016
122,122,Brendon de Jonge,83,287.5,"44,273",154,Y2016
T123,T123,J.J. Henry,68,287.3,"37,930",132,Y2016
T123,T123,Chez Reavie,90,287.3,"49,411",172,Y2016
T123,T123,Kyle Reifers,115,287.3,"61,187",213,Y2016
126,126,Troy Merritt,77,287.2,"41,924",146,Y2016
T127,T127,Vaughn Taylor,72,287,"41,325",144,Y2016
T127,T127,Camilo Villegas,83,287,"45,349",158,Y2016
129,129,Francesco Molinari,64,286.7,"36,692",128,Y2016
T130,T130,Danny Lee,93,286.6,"48,149",168,Y2016
T130,T130,Martin Piller,59,286.6,"32,388",113,Y2016
T132,T132,Webb Simpson,70,286.3,"40,075",140,Y2016
T132,T132,Cameron Smith,73,286.3,"34,930",122,Y2016
T132,T132,Chris Stroud,82,286.3,"45,813",160,Y2016
135,135,Steve Wheatcroft,85,286.2,"46,371",162,Y2016
136,136,Chris Kirk,90,285.9,"46,313",162,Y2016
T137,T137,Russell Knox,92,285.8,"46,292",162,Y2016
T137,T137,Matt Kuchar,100,285.8,"54,876",192,Y2016
139,139,Scott Langley,65,285.7,"35,999",126,Y2016
140,140,Will MacKenzie,84,285.6,"45,699",160,Y2016
141,141,Tyler Aldridge,83,285.2,"45,059",158,Y2016
142,142,Cameron Tringale,81,285.1,"41,621",146,Y2016
143,143,Jeff Overton,69,285,"37,050",130,Y2016
144,144,David Lingmerth,84,284.8,"41,580",146,Y2016
T145,T145,Erik Compton,65,284.7,"35,868",126,Y2016
T145,T145,John Huh,86,284.7,"48,394",170,Y2016
147,147,George McNeill,51,284.5,"29,022",102,Y2016
148,148,Michael Kim,100,284.3,"54,595",192,Y2016
149,149,Roberto Castro,97,284.2,"55,136",194,Y2016
150,150,Ryan Moore,86,283.2,"43,615",154,Y2016
151,151,Luke Donald,81,282.9,"41,306",146,Y2016
152,152,Stuart Appleby,71,282.7,"39,010",138,Y2016
153,153,D.A. Points,55,282.3,"28,791",102,Y2016
154,154,Robert Allenby,51,282.2,"28,782",102,Y2016
155,155,Alex Cejka,71,281.5,"35,475",126,Y2016
156,156,Graeme McDowell,63,281.4,"33,773",120,Y2016
157,157,Spencer Levin,104,281.3,"54,019",192,Y2016
T158,T158,David Hearn,95,281.2,"51,186",182,Y2016
T158,T158,Rob Oppenheim,67,281.2,"35,156",125,Y2016
160,160,Jim Furyk,52,280.8,"29,203",104,Y2016
161,161,D.H. Lee,61,280.4,"31,971",114,Y2016
T162,T162,Ben Crane,80,280.3,"40,362",144,Y2016
T162,T162,Freddie Jacobson,86,280.3,"48,219",172,Y2016
T164,T164,Ken Duke,58,280.2,"30,257",108,Y2016
T164,T164,Mark Hubbard,101,280.2,"54,354",194,Y2016
T164,T164,Bryce Molder,80,280.2,"43,709",156,Y2016
T167,T167,Zach Johnson,90,280.1,"48,185",172,Y2016
T167,T167,Brendon Todd,66,280.1,"35,290",126,Y2016
169,169,Peter Malnati,85,279.7,"47,549",170,Y2016
170,170,Kevin Na,96,279.6,"47,531",170,Y2016
T171,T171,Chad Collins,73,279.3,"40,776",146,Y2016
T171,T171,Tim Wilkinson,72,279.3,"37,981",136,Y2016
173,173,Dicky Pride,55,278.9,"29,561",106,Y2016
174,174,Jerry Kelly,76,278.2,"40,063",144,Y2016
175,175,Steve Stricker,53,278,"29,471",106,Y2016
T176,T176,Billy Hurley III,66,277.7,"36,657",132,Y2016
T176,T176,Brian Stuard,66,277.7,"36,657",132,Y2016
178,178,Abraham Ancer,51,276.4,"26,534",96,Y2016
179,179,Jason Bohn,67,276.3,"37,020",134,Y2016
T180,T180,Zac Blair,99,275.3,"50,113",182,Y2016
T180,T180,K.J. Choi,73,275.3,"40,190",146,Y2016
182,182,Mark Wilson,66,274.7,"34,063",124,Y2016
183,183,Jon Curran,99,271.9,"51,654",190,Y2016
T184,T184,Colt Knost,90,269.7,"44,236",164,Y2016
T184,T184,David Toms,62,269.7,"33,439",124,Y2016
1,1,Dustin Johnson,75,317.7,"45,109",142,Y2015
2,2,Bubba Watson,71,315.2,"40,351",128,Y2015
3,3,Jason Day,75,313.7,"45,166",144,Y2015
4,4,Adam Scott,51,311.6,"27,425",88,Y2015
5,5,J.B. Holmes,89,309.9,"47,731",154,Y2015
6,6,Charlie Beljan,76,309.8,"41,516",134,Y2015
7,7,Tony Finau,106,309,"64,897",210,Y2015
8,8,Brooks Koepka,84,308.2,"49,312",160,Y2015
9,9,Patrick Rodgers,57,307.7,"31,997",104,Y2015
10,10,Keegan Bradley,87,306.1,"48,362",158,Y2015
11,11,Jason Kokrak,88,305.6,"53,789",176,Y2015
12,12,Gary Woodland,81,305.5,"39,709",130,Y2015
13,13,Ryan Palmer,80,305.2,"43,955",144,Y2015
14,14,Justin Rose,69,303.5,"37,636",124,Y2015
15,15,Justin Thomas,106,303.2,"63,667",210,Y2015
16,16,Brendan Steele,88,302.9,"50,277",166,Y2015
17,17,Charles Howell III,105,302.7,"62,968",208,Y2015
T18,T18,Daniel Berger,97,302.1,"58,001",192,Y2015
T18,T18,Steven Bowditch,103,302.1,"59,213",196,Y2015
20,20,Robert Garrigus,70,301.7,"39,218",130,Y2015
21,21,Jimmy Walker,89,301.6,"48,854",162,Y2015
T22,T22,Martin Laird,77,300.5,"45,672",152,Y2015
T22,T22,Phil Mickelson,70,300.5,"42,068",140,Y2015
24,24,Charl Schwartzel,67,300.4,"32,438",108,Y2015
T25,T25,Sergio Garcia,59,300,"28,802",96,Y2015
T25,T25,Lee Westwood,56,300,"26,404",88,Y2015
27,27,Jhonattan Vegas,90,299.9,"48,585",162,Y2015
28,28,Ángel Cabrera,53,299.7,"31,763",106,Y2015
T29,T29,Charley Hoffman,97,298.9,"55,596",186,Y2015
T29,T29,Hudson Swafford,97,298.9,"56,192",188,Y2015
31,31,Louis Oosthuizen,68,298.8,"35,261",118,Y2015
32,32,Graham DeLaet,65,298.7,"38,236",128,Y2015
T33,T33,Harris English,105,298.4,"60,286",202,Y2015
T33,T33,Carlos Ortiz,100,298.4,"54,309",182,Y2015
35,35,Paul Casey,87,297.8,"46,450",156,Y2015
T36,T36,Russell Henley,87,297.1,"46,941",158,Y2015
T36,T36,Robert Streb,110,297.1,"65,357",220,Y2015
38,38,Lucas Glover,79,296.9,"46,911",158,Y2015
T39,T39,Martin Flores,95,296.8,"53,430",180,Y2015
T39,T39,Rickie Fowler,76,296.8,"40,367",136,Y2015
41,41,Scott Piercy,90,296.7,"53,410",180,Y2015
42,42,Willy Wilcox,58,296.6,"29,064",98,Y2015
43,43,Henrik Stenson,63,296.4,"33,202",112,Y2015
44,44,Shawn Stefani,94,296.3,"55,704",188,Y2015
45,45,Morgan Hoffmann,85,296.1,"47,382",160,Y2015
46,46,Matt Jones,89,296,"45,585",154,Y2015
T47,T47,Sean O'Hair,86,295.3,"50,792",172,Y2015
T47,T47,Andres Romero,69,295.3,"38,683",131,Y2015
49,49,Alex Prugh,84,295.2,"46,642",158,Y2015
T50,T50,Derek Ernst,75,295.1,"41,308",140,Y2015
T50,T50,James Hahn,94,295.1,"52,523",178,Y2015
T50,T50,Hunter Mahan,88,295.1,"46,626",158,Y2015
53,53,Billy Horschel,99,295,"51,924",176,Y2015
54,54,Jamie Donaldson,50,294.9,"25,363",86,Y2015
55,55,Marc Leishman,74,294.8,"35,962",122,Y2015
56,56,Davis Love III,51,294.7,"27,703",94,Y2015
T57,T57,Andres Gonzales,90,294.5,"50,069",170,Y2015
T57,T57,Hideki Matsuyama,95,294.5,"48,885",166,Y2015
59,59,Max Homa,78,294.2,"42,957",146,Y2015
60,60,Aaron Baddeley,76,294.1,"42,941",146,Y2015
61,61,Nick Watney,91,294,"52,919",180,Y2015
T62,T62,Jim Herman,88,293.8,"51,121",174,Y2015
T62,T62,Greg Owen,58,293.8,"33,492",114,Y2015
64,64,Geoff Ogilvy,50,293.7,"27,608",94,Y2015
T65,T65,Stewart Cink,77,293.6,"42,869",146,Y2015
T65,T65,Roger Sloan,56,293.6,"29,946",102,Y2015
67,67,Kevin Chappell,86,293.5,"48,133",164,Y2015
68,68,Sam Saunders,83,293.2,"47,492",162,Y2015
69,69,Patrick Reed,103,292.9,"53,893",184,Y2015
70,70,Seung-Yul Noh,65,292.7,"35,705",122,Y2015
71,71,Retief Goosen,81,292.6,"42,725",146,Y2015
T72,T72,J.J. Henry,94,292.3,"52,035",178,Y2015
T72,T72,Nick Taylor,91,292.3,"53,198",182,Y2015
T74,T74,Tom Hoge,83,292.2,"45,576",156,Y2015
T74,T74,Camilo Villegas,83,292.2,"48,512",166,Y2015
76,76,Boo Weekley,79,292,"43,223",148,Y2015
77,77,Byron Smith,59,291.9,"31,521",108,Y2015
T78,T78,Jordan Spieth,91,291.8,"48,431",166,Y2015
T78,T78,Scott Stallings,60,291.8,"30,351",104,Y2015
80,80,Ernie Els,57,291.7,"30,925",106,Y2015
81,81,Carl Pettersson,106,291.6,"61,245",210,Y2015
T82,T82,Bill Haas,89,290.7,"47,675",164,Y2015
T82,T82,Chesson Hadley,101,290.7,"56,398",194,Y2015
T82,T82,Johnson Wagner,68,290.7,"38,958",134,Y2015
85,85,Vijay Singh,78,290.6,"44,760",154,Y2015
86,86,Padraig Harrington,60,290.5,"34,857",120,Y2015
87,87,Jason Gore,76,290.4,"41,522",143,Y2015
88,88,Scott Pinckney,88,290.3,"50,510",174,Y2015
89,89,John Senden,80,290.2,"38,303",132,Y2015
T90,T90,Cameron Percy,72,290,"40,016",138,Y2015
T90,T90,Rory Sabbatini,81,290,"44,074",152,Y2015
92,92,Sangmoon Bae,98,289.8,"53,911",186,Y2015
T93,T93,Oscar Fraustro,58,289.5,"30,691",106,Y2015
T93,T93,David Lingmerth,90,289.5,"49,223",170,Y2015
T93,T93,Kevin Streelman,95,289.5,"48,052",166,Y2015
T93,T93,Bo Van Pelt,81,289.5,"45,159",156,Y2015
97,97,Webb Simpson,81,289.4,"45,146",156,Y2015
T98,T98,Gonzalo Fernandez-Castaño,81,289.3,"43,974",152,Y2015
T98,T98,Michael Thompson,83,289.3,"46,280",160,Y2015
100,100,Ryo Ishikawa,90,289.2,"48,578",168,Y2015
T101,T101,Derek Fathauer,81,288.8,"43,903",152,Y2015
T101,T101,Michael Putnam,87,288.8,"46,210",160,Y2015
103,103,Blayne Barber,76,288.6,"42,718",148,Y2015
104,104,Matt Kuchar,97,288.5,"53,658",186,Y2015
T105,T105,Erik Compton,86,288.4,"49,020",170,Y2015
T105,T105,Brandt Snedeker,98,288.4,"51,920",180,Y2015
107,107,Steve Wheatcroft,87,288.3,"47,276",164,Y2015
T108,T108,Scott Brown,97,288.2,"55,336",192,Y2015
T108,T108,Adam Hadwin,95,288.2,"53,029",184,Y2015
T110,T110,Ben Martin,93,288.1,"51,851",180,Y2015
T110,T110,John Peterson,84,288.1,"48,402",168,Y2015
112,112,Kyle Reifers,96,288,"52,407",182,Y2015
113,113,Brian Harman,90,287.9,"51,255",178,Y2015
114,114,Kevin Kisner,104,287.8,"59,862",208,Y2015
115,115,Bill Lunde,50,287.7,"25,893",90,Y2015
116,116,Jonas Blixt,78,287.6,"37,389",130,Y2015
117,117,Jonathan Byrd,69,287.5,"34,782",121,Y2015
118,118,Jonathan Randolph,72,287.2,"40,203",140,Y2015
T119,T119,Brice Garnett,81,287.1,"43,070",150,Y2015
T119,T119,Andrew Svoboda,80,287.1,"44,207",154,Y2015
T121,T121,Jason Dufner,76,286.7,"36,692",128,Y2015
T121,T121,Ian Poulter,68,286.7,"34,978",122,Y2015
123,123,Matt Every,73,286.6,"35,534",124,Y2015
124,124,Eric Axley,57,286.4,"30,932",108,Y2015
125,125,Chez Reavie,56,286.3,"31,494",110,Y2015
126,126,George McNeill,93,286.2,"53,225",186,Y2015
127,127,Nicholas Thompson,90,286,"46,912",164,Y2015
128,128,Chris Kirk,76,285.8,"39,439",138,Y2015
129,129,Tyrone Van Aswegen,58,285.6,"30,277",106,Y2015
130,130,Brendon de Jonge,106,285.3,"57,635",202,Y2015
T131,T131,Chad Campbell,97,285.2,"55,327",194,Y2015
T131,T131,Troy Merritt,91,285.2,"49,623",174,Y2015
133,133,John Merrick,78,285,"41,606",146,Y2015
134,134,Jeff Overton,94,284.8,"49,554",174,Y2015
135,135,Pat Perez,96,284.6,"52,364",184,Y2015
136,136,Russell Knox,96,284.4,"54,605",192,Y2015
137,137,Daniel Summerhays,101,284,"57,365",202,Y2015
138,138,Luke Guthrie,84,283.9,"43,727",154,Y2015
T139,T139,Spencer Levin,99,283.7,"54,461",192,Y2015
T139,T139,Sung Joon Park,79,283.7,"43,126",152,Y2015
T141,T141,Ricky Barnes,82,283.3,"41,926",148,Y2015
T141,T141,Alex Cejka,94,283.3,"52,119",184,Y2015
T141,T141,Jim Renner,68,283.3,"36,827",130,Y2015
144,144,Fabián Gómez,83,283.2,"46,448",164,Y2015
145,145,Danny Lee,120,283.1,"65,103",230,Y2015
146,146,Chris Stroud,84,283,"45,275",160,Y2015
147,147,Robert Allenby,63,282.7,"30,534",108,Y2015
T148,T148,Zach Johnson,90,282.6,"48,615",172,Y2015
T148,T148,Ryan Moore,81,282.6,"39,568",140,Y2015
150,150,Whee Kim,71,282.4,"38,976",138,Y2015
151,151,Jim Furyk,71,281.9,"36,084",128,Y2015
152,152,Cameron Tringale,96,281.8,"54,114",192,Y2015
153,153,Francesco Molinari,56,281.6,"29,849",106,Y2015
154,154,Greg Chalmers,58,281.5,"27,583",98,Y2015
155,155,D.A. Points,72,280.8,"38,744",138,Y2015
156,156,David Hearn,97,280.6,"54,445",194,Y2015
157,157,Scott Langley,94,280.5,"51,323",183,Y2015
158,158,William McGirt,103,280.4,"57,762",206,Y2015
159,159,Kevin Na,98,280.1,"48,732",174,Y2015
T160,T160,Roberto Castro,54,279.8,"25,185",90,Y2015
T160,T160,John Huh,102,279.8,"56,527",202,Y2015
162,162,Mark Wilson,89,279.2,"47,456",170,Y2015
163,163,Tim Wilkinson,73,279.1,"36,840",132,Y2015
164,164,Andrew Putnam,68,278.7,"35,114",126,Y2015
165,165,Mark Hubbard,79,278.5,"42,325",152,Y2015
166,166,Chad Collins,79,278.4,"43,438",156,Y2015
167,167,Steven Alker,62,278.3,"33,396",120,Y2015
168,168,Ken Duke,93,278.1,"48,946",176,Y2015
169,169,Bryce Molder,91,277.9,"48,359",174,Y2015
170,170,Jerry Kelly,79,277.2,"43,515",157,Y2015
171,171,Jason Bohn,95,277.1,"52,655",190,Y2015
172,172,Luke Donald,71,277,"37,123",134,Y2015
173,173,Colt Knost,90,276.6,"47,030",170,Y2015
T174,T174,K.J. Choi,66,276.5,"32,070",116,Y2015
T174,T174,Brian Stuard,97,276.5,"48,666",176,Y2015
176,176,Brendon Todd,96,276.4,"48,638",176,Y2015
177,177,Heath Slocum,57,275.8,"26,480",96,Y2015
178,178,Brian Davis,86,275.5,"42,983",156,Y2015
179,179,Jon Curran,83,273.5,"43,209",158,Y2015
180,180,Zac Blair,108,273.1,"56,528",207,Y2015
181,181,Billy Hurley III,83,271.9,"40,778",150,Y2015
182,182,Justin Leonard,61,271.6,"33,131",122,Y2015
183,183,Ben Crane,62,271,"30,893",114,Y2015
184,184,David Toms,62,270,"31,315",116,Y2015
1,1,Bubba Watson,76,314.3,"40,863",130,Y2014
2,2,Dustin Johnson,58,311,"32,970",106,Y2014
3,3,Rory McIlroy,66,310.5,"37,261",120,Y2014
T4,T4,J.B. Holmes,86,308,"52,979",172,Y2014
T4,T4,Andrew Loupe,65,308,"37,576",122,Y2014
6,6,Brooks Koepka,56,307,"34,389",112,Y2014
7,7,Robert Garrigus,80,306.1,"48,974",160,Y2014
8,8,Jhonattan Vegas,77,304.8,"45,726",150,Y2014
T9,T9,Charles Howell III,106,304.1,"62,028",204,Y2014
T9,T9,Gary Woodland,93,304.1,"53,218",175,Y2014
11,11,Charlie Beljan,76,303.8,"43,741",144,Y2014
12,12,Ángel Cabrera,69,303.7,"41,915",138,Y2014
13,13,Adam Scott,68,303.5,"41,275",136,Y2014
T14,T14,Graham DeLaet,80,303.4,"42,781",141,Y2014
T14,T14,Jason Kokrak,65,303.4,"39,447",130,Y2014
16,16,Jamie Lovemark,64,302.4,"36,292",120,Y2014
17,17,Keegan Bradley,89,302.2,"48,344",160,Y2014
18,18,Jason Day,54,301.2,"28,914",96,Y2014
19,19,Jimmy Walker,98,301,"52,978",176,Y2014
20,20,Lucas Glover,68,300.6,"37,276",124,Y2014
T21,T21,Sean O'Hair,77,300.5,"46,271",154,Y2014
T21,T21,Louis Oosthuizen,50,300.5,"25,240",84,Y2014
T23,T23,Ryan Palmer,85,300.4,"48,665",162,Y2014
T23,T23,Scott Stallings,77,300.4,"43,257",144,Y2014
25,25,Robert Streb,75,300,"42,598",142,Y2014
T26,T26,Harris English,95,299.2,"52,660",176,Y2014
T26,T26,Charley Hoffman,93,299.2,"53,254",178,Y2014
28,28,Brendan Steele,89,298.9,"48,417",162,Y2014
29,29,Steven Bowditch,93,298.1,"55,447",186,Y2014
30,30,Charl Schwartzel,64,297.8,"36,930",124,Y2014
31,31,Shawn Stefani,60,297.7,"35,723",120,Y2014
32,32,Marc Leishman,81,297.6,"45,239",152,Y2014
T33,T33,Rickie Fowler,91,297.5,"45,808",154,Y2014
T33,T33,Kyle Stanley,87,297.5,"47,008",158,Y2014
T33,T33,Hudson Swafford,75,297.5,"42,248",142,Y2014
36,36,Willy Wilcox,51,297.3,"29,133",98,Y2014
37,37,Martin Laird,66,297.2,"34,477",116,Y2014
38,38,Derek Ernst,80,297,"42,770",144,Y2014
39,39,Troy Matteson,62,296.7,"34,422",116,Y2014
40,40,Seung-Yul Noh,92,296.5,"54,555",184,Y2014
T41,T41,Matt Jones,83,296.3,"46,823",158,Y2014
T41,T41,Davis Love III,74,296.3,"42,664",144,Y2014
43,43,Kevin Chappell,100,296.2,"54,493",184,Y2014
44,44,Martin Flores,85,296,"47,957",162,Y2014
T45,T45,Hunter Mahan,88,295.8,"50,294",170,Y2014
T45,T45,Nick Watney,80,295.8,"39,636",134,Y2014
47,47,Carl Pettersson,91,295.5,"53,784",182,Y2014
48,48,Morgan Hoffmann,103,295.4,"58,486",198,Y2014
49,49,Justin Rose,70,295.1,"37,779",128,Y2014
50,50,Martin Kaymer,65,294.9,"35,391",120,Y2014
51,51,Hideki Matsuyama,82,294.8,"44,217",150,Y2014
52,52,Jim Herman,62,294.7,"34,181",116,Y2014
T53,T53,Andres Romero,81,294.6,"45,363",154,Y2014
T53,T53,Josh Teater,90,294.6,"49,496",168,Y2014
55,55,Kevin Tway,64,294.5,"35,342",120,Y2014
56,56,Brad Fritsch,50,294.4,"28,267",96,Y2014
57,57,Sergio Garcia,61,294.3,"29,425",100,Y2014
58,58,Rory Sabbatini,82,294.2,"43,537",148,Y2014
59,59,Tommy Gainey,73,294,"40,569",138,Y2014
60,60,Aaron Baddeley,74,293.8,"39,950",136,Y2014
T61,T61,Stewart Cink,91,293.7,"51,111",174,Y2014
T61,T61,Russell Henley,92,293.7,"51,688",176,Y2014
63,63,Bud Cauley,56,293.4,"32,856",112,Y2014
64,64,Henrik Stenson,56,293.2,"29,322",100,Y2014
T65,T65,Paul Casey,56,293,"30,475",104,Y2014
T65,T65,Michael Putnam,106,293,"59,769",204,Y2014
T65,T65,Wes Roach,67,293,"36,919",126,Y2014
T68,T68,Geoff Ogilvy,84,292.5,"46,799",160,Y2014
T68,T68,Camilo Villegas,95,292.5,"53,231",182,Y2014
70,70,Phil Mickelson,71,292.4,"36,840",126,Y2014
T71,T71,Patrick Reed,92,292.3,"50,267",172,Y2014
T71,T71,Lee Westwood,57,292.3,"30,397",104,Y2014
73,73,Bill Haas,107,291.9,"56,626",194,Y2014
74,74,Trevor Immelman,84,291.8,"46,685",160,Y2014
75,75,Ben Martin,80,291.7,"46,668",160,Y2014
T76,T76,Billy Horschel,92,291.6,"47,828",164,Y2014
T76,T76,Kevin Stadler,90,291.6,"49,281",169,Y2014
78,78,Bo Van Pelt,83,291.3,"43,695",150,Y2014
79,79,Ernie Els,85,291.2,"41,354",142,Y2014
T80,T80,Ryo Ishikawa,75,291,"41,328",142,Y2014
T80,T80,Chris Kirk,105,291,"58,203",200,Y2014
T82,T82,Ricky Barnes,92,290.7,"51,170",176,Y2014
T82,T82,J.J. Henry,91,290.7,"50,590",174,Y2014
T84,T84,Chesson Hadley,84,290.6,"48,814",168,Y2014
T84,T84,Will MacKenzie,82,290.6,"47,666",164,Y2014
86,86,John Rollins,84,290.1,"44,101",152,Y2014
87,87,Tyrone Van Aswegen,79,290,"45,234",156,Y2014
88,88,David Lingmerth,80,289.8,"41,729",144,Y2014
T89,T89,Vijay Singh,83,289.7,"48,093",166,Y2014
T89,T89,Jordan Spieth,102,289.7,"54,470",188,Y2014
91,91,James Hahn,82,289.6,"46,337",160,Y2014
92,92,Brice Garnett,92,289.3,"50,915",176,Y2014
93,93,Michael Thompson,74,289.2,"38,172",132,Y2014
94,94,Brian Harman,111,289,"64,149",222,Y2014
95,95,John Senden,99,288.9,"57,207",198,Y2014
96,96,Retief Goosen,94,288.8,"49,665",172,Y2014
97,97,Kevin Streelman,79,288.6,"40,121",139,Y2014
T98,T98,Sangmoon Bae,76,288.5,"41,549",144,Y2014
T98,T98,Webb Simpson,87,288.5,"48,462",168,Y2014
100,100,Boo Weekley,73,288.3,"36,614",127,Y2014
101,101,Jim Renner,61,288.2,"34,013",118,Y2014
T102,T102,Jonathan Byrd,76,288.1,"41,481",144,Y2014
T102,T102,Gonzalo Fernandez-Castaño,83,288.1,"44,938",156,Y2014
T102,T102,John Peterson,62,288.1,"34,574",120,Y2014
T102,T102,Ian Poulter,57,288.1,"29,963",104,Y2014
106,106,Brendon de Jonge,109,287.9,"59,893",208,Y2014
T107,T107,Chad Campbell,57,287.8,"30,510",106,Y2014
T107,T107,Kevin Kisner,85,287.8,"48,933",170,Y2014
109,109,Luke Guthrie,85,287.6,"48,889",170,Y2014
110,110,Jeff Overton,80,287.5,"41,396",144,Y2014
111,111,Andrew Svoboda,77,287.4,"44,261",154,Y2014
112,112,Scott Brown,100,287.2,"55,140",192,Y2014
113,113,Johnson Wagner,69,287.1,"37,322",130,Y2014
114,114,Nicholas Thompson,85,287,"44,203",154,Y2014
115,115,Pat Perez,84,286.4,"48,114",168,Y2014
116,116,Matt Every,85,286.3,"46,373",162,Y2014
T117,T117,Jonas Blixt,64,286.1,"30,899",108,Y2014
T117,T117,George McNeill,79,286.1,"45,200",158,Y2014
119,119,Chris Stroud,88,285.8,"48,020",168,Y2014
120,120,Russell Knox,92,285.7,"52,566",184,Y2014
121,121,Brandt Snedeker,89,285.6,"47,126",165,Y2014
T122,T122,Jason Dufner,57,285.3,"28,526",100,Y2014
T122,T122,John Merrick,87,285.3,"42,797",150,Y2014
124,124,Troy Merritt,62,285.2,"35,359",124,Y2014
T125,T125,Justin Hicks,103,285.1,"56,456",198,Y2014
T125,T125,Richard Lee,80,285.1,"42,188",148,Y2014
T127,T127,Robert Allenby,83,284.9,"46,157",162,Y2014
T127,T127,Bronson La'Cassie,51,284.9,"26,779",94,Y2014
129,129,Ryan Moore,86,284.7,"43,280",152,Y2014
130,130,Freddie Jacobson,91,284.6,"51,797",182,Y2014
131,131,D.A. Points,75,284.5,"36,982",130,Y2014
T132,T132,James Driscoll,71,284.2,"40,353",142,Y2014
T132,T132,Danny Lee,84,284.2,"45,471",160,Y2014
T134,T134,Roberto Castro,76,283.9,"39,746",140,Y2014
T134,T134,John Huh,87,283.9,"44,849",158,Y2014
136,136,Matt Kuchar,91,283.8,"49,943",176,Y2014
137,137,Brian Stuard,91,283.4,"49,310",174,Y2014
138,138,Erik Compton,88,283.3,"49,864",176,Y2014
139,139,Cameron Tringale,111,282.9,"60,534",214,Y2014
140,140,Tim Wilkinson,86,282.4,"46,321",164,Y2014
T141,T141,Zach Johnson,97,282.2,"54,182",192,Y2014
T141,T141,Daniel Summerhays,98,282.2,"53,054",188,Y2014
143,143,Y.E. Yang,79,281.9,"43,973",156,Y2014
144,144,Briny Baird,50,281.6,"28,159",100,Y2014
145,145,Scott Langley,95,281.3,"52,320",186,Y2014
146,146,Charlie Wi,72,281,"39,335",140,Y2014
147,147,Greg Chalmers,85,280.7,"45,469",162,Y2014
T148,T148,Kevin Na,94,280.3,"52,700",188,Y2014
T148,T148,Brendon Todd,108,280.3,"60,260",215,Y2014
150,150,Spencer Levin,59,280.1,"33,051",118,Y2014
151,151,Jason Bohn,81,280,"45,363",162,Y2014
152,152,K.J. Choi,80,279.8,"42,535",152,Y2014
153,153,Mark Wilson,69,279.6,"36,346",130,Y2014
154,154,Ben Curtis,77,279.5,"40,811",146,Y2014
155,155,Jim Furyk,84,279.3,"44,681",160,Y2014
156,156,David Hearn,97,279.1,"51,918",186,Y2014
157,157,Ben Crane,81,279,"45,204",162,Y2014
158,158,Bryce Molder,77,278.7,"38,458",138,Y2014
159,159,Stuart Appleby,92,278.6,"50,148",180,Y2014
T160,T160,Woody Austin,63,278.5,"32,861",118,Y2014
T160,T160,William McGirt,96,278.5,"53,472",192,Y2014
162,162,"Ted Potter, Jr.",68,278.4,"37,864",136,Y2014
163,163,Brian Davis,93,278.2,"49,511",178,Y2014
164,164,Luke Donald,57,278.1,"28,926",104,Y2014
165,165,Graeme McDowell,66,278,"32,253",116,Y2014
166,166,Heath Slocum,71,277.8,"38,340",138,Y2014
167,167,Jerry Kelly,80,277.5,"42,183",152,Y2014
168,168,Billy Hurley III,86,276.7,"47,597",172,Y2014
169,169,Jeff Maggert,54,276.6,"29,877",108,Y2014
170,170,D.H. Lee,54,276.2,"27,616",100,Y2014
171,171,Ken Duke,80,275.5,"40,775",148,Y2014
172,172,Chad Collins,78,275.4,"40,764",148,Y2014
173,173,David Toms,64,275.1,"34,110",124,Y2014
174,174,Tim Clark,75,272.2,"38,655",142,Y2014
175,175,Brian Gay,81,271.6,"38,570",142,Y2014
176,176,Mike Weir,69,271.2,"35,252",130,Y2014
177,177,Justin Leonard,75,270.3,"40,539",150,Y2014
