RANK_THIS_WEEK,RANK_LAST_WEEK,PLAYER_NAME,ROUNDS,PERC,FAIRWAYS_HIT,POSSIBLE_FAIRWAYS,YEAR
1,,Henrik Stenson,60,75.19,591,786,Y2018
2,,Ryan Armour,109,73.58,"1,103","1,499",Y2018
3,,Chez Reavie,93,72.24,869,"1,203",Y2018
4,,Ryan Moore,78,71.94,787,"1,094",Y2018
5,,Brian Stuard,103,71.44,968,"1,355",Y2018
6,,Brian Gay,103,71.37,"1,007","1,411",Y2018
7,,Kyle Stanley,93,71.29,884,"1,240",Y2018
8,,Emiliano Grillo,94,70.16,905,"1,290",Y2018
9,,Russell Henley,77,70.03,729,"1,041",Y2018
10,,Jim Furyk,50,69.91,467,668,Y2018
11,,Steve Wheatcroft,60,69.79,566,811,Y2018
12,,Kevin Streelman,94,69.11,888,"1,285",Y2018
13,,C.T. Pan,104,68.98,945,"1,370",Y2018
14,,David Lingmerth,82,68.93,750,"1,088",Y2018
15,,Keegan Bradley,98,67.9,884,"1,302",Y2018
16,,Rafa Cabrera Bello,75,67.85,667,983,Y2018
17,,Billy Horschel,86,67.8,779,"1,149",Y2018
18,,Russell Knox,94,67.7,851,"1,257",Y2018
19,,Ben Crane,65,67.52,557,825,Y2018
20,,Vaughn Taylor,83,67.51,746,"1,105",Y2018
21,,Brian Harman,94,67.14,850,"1,266",Y2018
22,,Sam Ryder,82,66.91,746,"1,115",Y2018
23,,"Ted Potter, Jr.",87,66.83,812,"1,215",Y2018
24,,Austin Cook,107,66.76,"1,002","1,501",Y2018
25,,Tyler Duncan,97,66.74,867,"1,299",Y2018
26,,David Hearn,66,66.63,559,839,Y2018
27,,Alex Cejka,77,66.49,639,961,Y2018
28,,Ian Poulter,73,66.41,595,896,Y2018
29,,Joel Dahmen,93,66.36,789,"1,189",Y2018
30,,Kevin Kisner,89,66.33,729,"1,099",Y2018
31,,J.J. Henry,81,66.22,692,"1,045",Y2018
32,,J.J. Spaun,85,66.18,732,"1,106",Y2018
33,,Justin Rose,70,66.02,610,924,Y2018
34,,Kelly Kraft,94,65.84,846,"1,285",Y2018
35,,Conrad Shindler,60,65.77,515,783,Y2018
36,,Scott Piercy,84,65.68,735,"1,119",Y2018
37,,Adam Hadwin,92,65.6,820,"1,250",Y2018
38,,Ben Silverman,90,65.56,769,"1,173",Y2018
39,,Satoshi Kodaira,51,65.53,443,676,Y2018
T40,,Rickie Fowler,74,65.33,682,"1,044",Y2018
T40,,Xinjun Zhang,81,65.33,684,"1,047",Y2018
42,,Kiradech Aphibarnrat,51,65.12,422,648,Y2018
43,,Pat Perez,82,65.09,688,"1,057",Y2018
T44,,Lucas Glover,65,65.06,553,850,Y2018
T44,,Richy Werenski,98,65.06,836,"1,285",Y2018
T46,,Hunter Mahan,67,65.04,573,881,Y2018
T46,,Francesco Molinari,73,65.04,640,984,Y2018
48,,Fabián Gómez,88,64.99,761,"1,171",Y2018
49,,Tommy Fleetwood,73,64.98,603,928,Y2018
50,,Graeme McDowell,67,64.92,533,821,Y2018
51,,Louis Oosthuizen,62,64.81,490,756,Y2018
52,,Chad Campbell,87,64.7,713,"1,102",Y2018
53,,Blayne Barber,69,64.67,604,934,Y2018
54,,Michael Thompson,62,64.66,525,812,Y2018
55,,Chris Kirk,108,64.64,956,"1,479",Y2018
56,,Daniel Berger,81,64.58,691,"1,070",Y2018
57,,Hudson Swafford,73,64.57,607,940,Y2018
58,,Bronson Burgoon,69,64.53,624,967,Y2018
59,,Brice Garnett,99,64.45,854,"1,325",Y2018
60,,Ryan Blaum,81,64.31,699,"1,087",Y2018
61,,Johnson Wagner,75,64.25,620,965,Y2018
62,,Kevin Na,91,64.13,774,"1,207",Y2018
63,,Zach Johnson,94,63.88,778,"1,218",Y2018
64,,John Huh,94,63.83,803,"1,258",Y2018
65,,James Hahn,85,63.73,731,"1,147",Y2018
T66,,Rod Pampling,62,63.69,514,807,Y2018
T66,,Gary Woodland,96,63.69,812,"1,275",Y2018
68,,Cameron Percy,56,63.66,445,699,Y2018
69,,Abraham Ancer,98,63.64,854,"1,342",Y2018
70,,Ben Martin,64,63.52,566,891,Y2018
71,,Branden Grace,67,63.49,567,893,Y2018
72,,Denny McCarthy,71,63.45,559,881,Y2018
73,,Aaron Wise,90,63.33,777,"1,227",Y2018
74,,Jason Dufner,71,63.3,571,902,Y2018
75,,Matt Kuchar,88,63.27,708,"1,119",Y2018
76,,Martin Laird,73,63.22,574,908,Y2018
77,,Roberto Díaz,72,63.2,601,951,Y2018
78,,Paul Casey,74,63.14,627,993,Y2018
T79,,Corey Conners,97,62.99,817,"1,297",Y2018
T79,,Kyle Thompson,50,62.99,405,643,Y2018
81,,Troy Merritt,89,62.93,747,"1,187",Y2018
82,,Andrew Landry,82,62.92,706,"1,122",Y2018
83,,Hideki Matsuyama,75,62.82,637,"1,014",Y2018
84,,Brandt Snedeker,84,62.79,719,"1,145",Y2018
85,,Zac Blair,64,62.76,509,811,Y2018
86,,Danny Lee,88,62.65,753,"1,202",Y2018
87,,Charles Howell III,104,62.59,875,"1,398",Y2018
88,,Adam Scott,78,62.51,682,"1,091",Y2018
89,,Tom Hoge,101,62.43,811,"1,299",Y2018
90,,Webb Simpson,95,62.34,803,"1,288",Y2018
91,,Chris Stroud,81,62.24,638,"1,025",Y2018
92,,Bryson DeChambeau,93,62.23,814,"1,308",Y2018
93,,Jonathan Randolph,71,62.18,564,907,Y2018
94,,Rory Sabbatini,91,62.05,770,"1,241",Y2018
95,,Scott Brown,102,62.03,848,"1,367",Y2018
96,,Tyrrell Hatton,58,61.84,470,760,Y2018
97,,Alex Noren,67,61.73,521,844,Y2018
98,,Patrick Cantlay,87,61.58,694,"1,127",Y2018
99,,Jordan Spieth,81,61.55,658,"1,069",Y2018
100,,J.T. Poston,73,61.53,611,993,Y2018
101,,Kevin Chappell,77,61.27,639,"1,043",Y2018
102,,Shane Lowry,64,61.2,478,781,Y2018
103,,Patrick Rodgers,97,61.14,793,"1,297",Y2018
104,,Whee Kim,93,61.11,759,"1,242",Y2018
105,,Nick Taylor,94,60.94,766,"1,257",Y2018
106,,Bud Cauley,55,60.81,450,740,Y2018
107,,Si Woo Kim,108,60.68,886,"1,460",Y2018
108,,Nate Lashley,51,60.58,398,657,Y2018
T109,,Beau Hossler,104,60.47,881,"1,457",Y2018
T109,,D.A. Points,63,60.47,517,855,Y2018
T109,,Brendan Steele,74,60.47,572,946,Y2018
112,,Nicholas Lindheim,77,60.44,582,963,Y2018
113,,Andrew Putnam,97,60.42,751,"1,243",Y2018
114,,Jonas Blixt,67,60.3,518,859,Y2018
115,,Ethan Tracy,72,60.25,573,951,Y2018
116,,Byeong Hun An,86,60.19,709,"1,178",Y2018
117,,Marc Leishman,93,60.17,763,"1,268",Y2018
118,,Sam Saunders,80,60.14,620,"1,031",Y2018
T119,,Anirban Lahiri,82,60.09,691,"1,150",Y2018
T119,,Sean O'Hair,67,60.09,527,877,Y2018
121,,Chesson Hadley,103,60.07,832,"1,385",Y2018
122,,Mackenzie Hughes,80,60.04,637,"1,061",Y2018
123,,William McGirt,84,59.89,651,"1,087",Y2018
124,,Xander Schauffele,96,59.77,783,"1,310",Y2018
125,,Dustin Johnson,77,59.46,619,"1,041",Y2018
126,,Matt Jones,70,59.38,516,869,Y2018
127,,Tiger Woods,68,59.35,565,952,Y2018
128,,Billy Hurley III,70,59.24,529,893,Y2018
129,,Jon Rahm,71,59.2,550,929,Y2018
130,,Ryan Palmer,69,59.11,519,878,Y2018
131,,Harold Varner III,91,59.02,733,"1,242",Y2018
132,,Harris English,84,58.99,643,"1,090",Y2018
133,,Greg Chalmers,56,58.9,427,725,Y2018
134,,Stephan Jaeger,81,58.76,614,"1,045",Y2018
T135,,Jonathan Byrd,70,58.59,508,867,Y2018
T135,,Keith Mitchell,99,58.59,795,"1,357",Y2018
137,,Martin Piller,79,58.51,629,"1,075",Y2018
138,,Justin Thomas,91,58.41,674,"1,154",Y2018
139,,Brett Stegmaier,67,58.38,498,853,Y2018
140,,Charley Hoffman,87,58.34,654,"1,121",Y2018
141,,Jason Day,75,58.32,557,955,Y2018
142,,Bubba Watson,90,58.27,645,"1,107",Y2018
143,,Jason Kokrak,99,58.06,803,"1,383",Y2018
144,,Jhonattan Vegas,92,57.91,725,"1,252",Y2018
145,,Adam Schenk,86,57.67,643,"1,115",Y2018
146,,Stewart Cink,87,57.6,701,"1,217",Y2018
147,,Matt Atkins,56,57.5,418,727,Y2018
148,,Talor Gooch,78,57.31,576,"1,005",Y2018
149,,Bill Haas,76,57.27,591,"1,032",Y2018
150,,J.B. Holmes,77,57.13,597,"1,045",Y2018
151,,Cameron Smith,85,57.03,625,"1,096",Y2018
152,,Tyrone Van Aswegen,101,56.98,739,"1,297",Y2018
153,,Jamie Lovemark,92,56.92,699,"1,228",Y2018
154,,Peter Malnati,87,56.86,659,"1,159",Y2018
155,,Brooks Koepka,64,56.85,498,876,Y2018
156,,Sung Kang,89,56.72,675,"1,190",Y2018
157,,Scott Stallings,96,56.57,710,"1,255",Y2018
158,,Shawn Stefani,76,56.52,585,"1,035",Y2018
159,,Robert Garrigus,80,56.37,597,"1,059",Y2018
160,,Nick Watney,94,56.33,707,"1,255",Y2018
161,,Rob Oppenheim,74,56.26,535,951,Y2018
162,,Grayson Murray,72,56,565,"1,009",Y2018
163,,Rory McIlroy,64,55.79,477,855,Y2018
164,,Dominic Bozzelli,65,55.69,504,905,Y2018
165,,Patton Kizzire,92,55.59,696,"1,252",Y2018
166,,Matt Every,79,55.5,580,"1,045",Y2018
167,,Cody Gribble,71,55.45,504,909,Y2018
168,,Wesley Bryan,69,55.41,522,942,Y2018
169,,Lanto Griffin,80,55.27,572,"1,035",Y2018
170,,Retief Goosen,60,55.22,402,728,Y2018
T171,,Seamus Power,86,55.19,601,"1,089",Y2018
T171,,Charl Schwartzel,65,55.19,447,810,Y2018
173,,Patrick Reed,94,55.11,663,"1,203",Y2018
174,,Tony Finau,105,55.09,757,"1,374",Y2018
175,,Trey Mullinax,75,54.94,528,961,Y2018
176,,Martin Flores,92,54.92,659,"1,200",Y2018
177,,Michael Kim,74,54.89,539,982,Y2018
178,,Brandon Harkins,101,54.79,727,"1,327",Y2018
179,,Zecheng Dou,53,54.76,374,683,Y2018
180,,Tom Lovelady,87,54.73,619,"1,131",Y2018
181,,Daniel Summerhays,51,54.69,344,629,Y2018
182,,Luke List,98,54.66,727,"1,330",Y2018
183,,Robert Streb,78,54.11,559,"1,033",Y2018
184,,Andrew Yun,51,53.58,337,629,Y2018
185,,Jimmy Walker,81,53.49,575,"1,075",Y2018
T186,,Aaron Baddeley,84,53.27,579,"1,087",Y2018
T186,,Derek Fathauer,84,53.27,595,"1,117",Y2018
188,,Peter Uihlein,83,52.93,579,"1,094",Y2018
189,,Phil Mickelson,90,52.91,646,"1,221",Y2018
190,,Kevin Tway,110,52.61,765,"1,454",Y2018
191,,Ollie Schniederjans,91,52.22,634,"1,214",Y2018
192,,Cameron Tringale,67,51.99,458,881,Y2018
193,,Ricky Barnes,65,47.15,389,825,Y2018
1,1,Ryan Armour,63,72.73,600,825,Y2017
2,2,Boo Weekley,75,71.67,731,"1,020",Y2017
3,3,Brian Stuard,93,71.49,850,"1,189",Y2017
4,4,Jim Furyk,54,70.75,462,653,Y2017
5,5,Chez Reavie,98,70.53,895,"1,269",Y2017
6,6,William McGirt,89,70.06,777,"1,109",Y2017
7,7,Francesco Molinari,75,69.8,684,980,Y2017
8,8,Zac Blair,105,69.7,964,"1,383",Y2017
9,9,Søren Kjeldsen,58,69.21,472,682,Y2017
10,10,Graeme McDowell,56,69.15,520,752,Y2017
11,11,Jim Herman,77,69.02,724,"1,049",Y2017
12,12,Ken Duke,77,68.62,680,991,Y2017
13,13,Kyle Stanley,104,68.55,957,"1,396",Y2017
14,14,Vaughn Taylor,90,68.28,805,"1,179",Y2017
15,15,Steve Wheatcroft,51,68.24,447,655,Y2017
16,16,Ben Crane,86,67.97,749,"1,102",Y2017
17,17,Ryan Moore,82,67.9,751,"1,106",Y2017
18,18,Spencer Levin,89,67.82,805,"1,187",Y2017
19,19,Steven Alker,69,67.54,595,881,Y2017
20,20,Chad Campbell,97,67.21,910,"1,354",Y2017
21,21,Alex Cejka,85,67.19,721,"1,073",Y2017
22,22,Russell Knox,75,67.09,640,954,Y2017
23,23,Kevin Kisner,105,67,881,"1,315",Y2017
24,24,David Hearn,93,66.75,791,"1,185",Y2017
25,25,Zach Johnson,81,66.54,680,"1,022",Y2017
T26,T26,Keegan Bradley,104,66.23,906,"1,368",Y2017
T26,T26,K.J. Choi,72,66.23,610,921,Y2017
28,28,Roberto Castro,70,66.2,611,923,Y2017
29,29,Kevin Streelman,90,66.01,810,"1,227",Y2017
30,30,Richy Werenski,81,65.92,681,"1,033",Y2017
31,31,D.A. Points,68,65.83,626,951,Y2017
32,32,Chris Stroud,67,65.7,542,825,Y2017
33,33,Tim Wilkinson,64,65.68,530,807,Y2017
34,34,Webb Simpson,102,65.51,868,"1,325",Y2017
35,35,Brian Gay,82,65.47,713,"1,089",Y2017
36,36,Matt Kuchar,95,65.36,802,"1,227",Y2017
37,37,Lucas Glover,93,65.31,802,"1,228",Y2017
38,38,Emiliano Grillo,90,65.29,777,"1,190",Y2017
39,39,Kyle Reifers,96,65.15,800,"1,228",Y2017
40,40,J.J. Spaun,92,65.11,782,"1,201",Y2017
41,41,Rory Sabbatini,71,64.91,590,909,Y2017
42,42,Shane Lowry,52,64.86,408,629,Y2017
43,43,Martin Laird,83,64.82,715,"1,103",Y2017
44,44,Rick Lamb,54,64.81,453,699,Y2017
45,45,Sam Saunders,76,64.69,632,977,Y2017
46,46,Brett Stegmaier,78,64.66,686,"1,061",Y2017
47,47,John Huh,92,64.09,787,"1,228",Y2017
48,48,Chris Kirk,89,63.93,741,"1,159",Y2017
49,49,Scott Brown,95,63.89,812,"1,271",Y2017
T50,T50,Graham DeLaet,82,63.68,675,"1,060",Y2017
T50,T50,C.T. Pan,88,63.68,747,"1,173",Y2017
T52,T52,Jason Bohn,75,63.67,631,991,Y2017
T52,T52,Ben Martin,86,63.67,701,"1,101",Y2017
54,54,Miguel Angel Carballo,63,63.61,507,797,Y2017
55,55,Paul Casey,94,63.46,764,"1,204",Y2017
56,56,Hunter Mahan,73,63.4,627,989,Y2017
57,57,Julián Etulain,68,63.34,558,881,Y2017
58,58,Jason Dufner,89,63.3,709,"1,120",Y2017
59,59,Rickie Fowler,78,63.29,638,"1,008",Y2017
60,60,Johnson Wagner,71,63.18,556,880,Y2017
61,61,James Hahn,96,63.14,848,"1,343",Y2017
62,62,Peter Malnati,91,63.1,749,"1,187",Y2017
63,63,Adam Hadwin,98,62.85,824,"1,311",Y2017
64,64,Russell Henley,99,62.79,815,"1,298",Y2017
65,65,Danny Lee,93,62.72,779,"1,242",Y2017
66,66,Daniel Summerhays,100,62.69,788,"1,257",Y2017
67,67,Jonathan Randolph,68,62.67,517,825,Y2017
68,68,Geoff Ogilvy,80,62.59,629,"1,005",Y2017
69,69,J.J. Henry,92,62.58,751,"1,200",Y2017
70,70,Ian Poulter,72,62.55,593,948,Y2017
71,71,Brendan Steele,89,62.28,700,"1,124",Y2017
72,72,David Lingmerth,79,62.12,615,990,Y2017
73,73,Brian Harman,104,62.07,833,"1,342",Y2017
74,74,Brandt Snedeker,53,61.98,401,647,Y2017
75,75,Fabián Gómez,61,61.81,513,830,Y2017
76,76,Michael Thompson,60,61.72,482,781,Y2017
77,77,Nick Taylor,97,61.66,817,"1,325",Y2017
78,78,Blayne Barber,77,61.62,610,990,Y2017
79,79,Patrick Cantlay,52,61.47,410,667,Y2017
80,80,Pat Perez,93,61.46,759,"1,235",Y2017
81,81,Sergio Garcia,65,61.08,496,812,Y2017
82,82,Ryan Blaum,100,60.94,816,"1,339",Y2017
83,83,Rod Pampling,71,60.83,604,993,Y2017
84,84,Troy Merritt,82,60.79,628,"1,033",Y2017
85,85,Brett Drewitt,57,60.73,450,741,Y2017
86,86,Billy Hurley III,80,60.57,679,"1,121",Y2017
87,87,Shawn Stefani,72,60.53,575,950,Y2017
88,88,Kevin Na,86,60.46,659,"1,090",Y2017
89,89,Mark Hubbard,81,60.41,624,"1,033",Y2017
90,90,Morgan Hoffmann,92,60.39,741,"1,227",Y2017
91,91,Rafa Cabrera Bello,63,60.33,473,784,Y2017
92,92,Hudson Swafford,94,60.27,757,"1,256",Y2017
93,93,Cameron Percy,71,60.18,547,909,Y2017
94,94,Jonas Blixt,74,60.1,586,975,Y2017
95,95,Kelly Kraft,75,60.06,594,989,Y2017
96,96,Daniel Berger,91,60.02,707,"1,178",Y2017
97,97,Louis Oosthuizen,69,59.98,487,812,Y2017
98,98,Mark Anderson,54,59.97,436,727,Y2017
99,99,Sean O'Hair,84,59.91,686,"1,145",Y2017
100,100,Bud Cauley,92,59.83,718,"1,200",Y2017
101,101,Anirban Lahiri,72,59.82,603,"1,008",Y2017
T102,T102,Greg Chalmers,75,59.8,595,995,Y2017
T102,T102,Billy Horschel,88,59.8,702,"1,174",Y2017
104,104,Tyrone Van Aswegen,105,59.79,809,"1,353",Y2017
105,105,Michael Kim,94,59.71,750,"1,256",Y2017
106,106,Sung Kang,104,59.65,850,"1,425",Y2017
107,107,Mackenzie Hughes,106,59.63,870,"1,459",Y2017
108,108,Harold Varner III,101,59.61,825,"1,384",Y2017
109,109,Bubba Watson,71,59.58,510,856,Y2017
110,110,Robert Garrigus,78,59.52,597,"1,003",Y2017
111,111,Jordan Spieth,85,59.48,618,"1,039",Y2017
112,112,Scott Piercy,70,59.32,538,907,Y2017
113,113,Chad Collins,66,59.31,513,865,Y2017
114,114,Jason Kokrak,95,59.26,752,"1,269",Y2017
115,115,J.T. Poston,95,59.24,702,"1,185",Y2017
116,116,Gary Woodland,94,58.9,698,"1,185",Y2017
117,117,Jon Rahm,90,58.61,664,"1,133",Y2017
118,118,Justin Rose,66,58.48,507,867,Y2017
119,119,Brian Campbell,55,58.2,415,713,Y2017
120,120,Branden Grace,70,58.19,483,830,Y2017
121,121,Tag Ridings,67,58.18,480,825,Y2017
122,122,Cameron Tringale,89,58.15,674,"1,159",Y2017
123,123,Bill Haas,92,58.05,656,"1,130",Y2017
124,124,Bryson DeChambeau,91,58.04,704,"1,213",Y2017
125,125,Wesley Bryan,95,57.89,719,"1,242",Y2017
126,126,Retief Goosen,52,57.79,371,642,Y2017
127,127,Charley Hoffman,112,57.72,841,"1,457",Y2017
128,128,Xander Schauffele,96,57.68,710,"1,231",Y2017
129,129,Marc Leishman,94,57.64,694,"1,204",Y2017
T130,T130,Kevin Chappell,95,57.61,693,"1,203",Y2017
T130,T130,Hideki Matsuyama,83,57.61,583,"1,012",Y2017
132,132,Bryce Molder,74,57.6,595,"1,033",Y2017
133,133,Robert Streb,98,57.58,756,"1,313",Y2017
134,134,Tony Finau,106,57.53,837,"1,455",Y2017
135,135,Jhonattan Vegas,95,57.28,708,"1,236",Y2017
136,136,Matt Jones,64,57.09,447,783,Y2017
137,137,Scott Stallings,81,57.04,612,"1,073",Y2017
138,138,Ryan Palmer,61,56.94,406,713,Y2017
139,139,Byeong Hun An,77,56.76,554,976,Y2017
140,140,Dominic Bozzelli,69,56.57,512,905,Y2017
141,141,Jamie Lovemark,98,56.54,726,"1,284",Y2017
142,142,Patrick Reed,107,56.52,759,"1,343",Y2017
143,143,Luke Donald,50,56.5,378,669,Y2017
144,144,Dustin Johnson,77,56.44,539,955,Y2017
145,145,Brad Fritsch,56,56.4,410,727,Y2017
146,146,Cameron Smith,86,56.26,643,"1,143",Y2017
147,147,Nicholas Lindheim,58,56.19,440,783,Y2017
148,148,Grayson Murray,94,56.01,704,"1,257",Y2017
T149,T149,Tom Hoge,54,55.99,360,643,Y2017
T149,T149,Adam Scott,58,55.99,439,784,Y2017
151,151,Jimmy Walker,68,55.97,464,829,Y2017
152,152,Si Woo Kim,80,55.92,557,996,Y2017
153,153,Andres Gonzales,73,55.75,538,965,Y2017
154,154,Nick Watney,75,55.67,535,961,Y2017
155,155,Luke List,102,55.63,761,"1,368",Y2017
156,156,Derek Fathauer,81,55.49,581,"1,047",Y2017
157,157,Phil Mickelson,85,55.05,616,"1,119",Y2017
158,158,Rory McIlroy,51,54.97,354,644,Y2017
159,159,Smylie Kaufman,76,54.79,543,991,Y2017
160,160,Cody Gribble,79,54.77,591,"1,079",Y2017
161,161,Charles Howell III,86,54.72,626,"1,144",Y2017
162,162,Ernie Els,52,54.48,365,670,Y2017
163,163,Sebastián Muñoz,51,54.45,373,685,Y2017
164,164,Camilo Villegas,76,54.37,548,"1,008",Y2017
T165,T165,Ricky Barnes,100,54.32,698,"1,285",Y2017
T165,T165,Whee Kim,74,54.32,516,950,Y2017
167,167,Stewart Cink,93,54.15,672,"1,241",Y2017
168,168,Brooks Koepka,88,54.14,576,"1,064",Y2017
169,169,Justin Thomas,86,54.09,569,"1,052",Y2017
170,170,Jason Day,71,53.73,483,899,Y2017
171,171,Charl Schwartzel,63,53.59,433,808,Y2017
172,172,Seamus Power,86,53.27,594,"1,115",Y2017
T173,T173,Gonzalo Fernandez-Castaño,63,53.26,417,783,Y2017
T173,T173,Trey Mullinax,88,53.26,580,"1,089",Y2017
175,175,Seung-Yul Noh,91,53.09,645,"1,215",Y2017
176,176,Patrick Rodgers,76,52.9,547,"1,034",Y2017
177,177,Martin Flores,88,52.79,597,"1,131",Y2017
178,178,Patton Kizzire,84,52.54,558,"1,062",Y2017
179,179,Kevin Tway,96,52.48,646,"1,231",Y2017
180,180,Brandon Hagy,85,52.46,565,"1,077",Y2017
181,181,Aaron Baddeley,61,52.25,418,800,Y2017
182,182,Carl Pettersson,63,51.94,428,824,Y2017
183,183,Ryo Ishikawa,56,51.92,405,780,Y2017
184,184,Ollie Schniederjans,92,51.89,631,"1,216",Y2017
185,185,Ryan Brehm,83,51.13,522,"1,021",Y2017
186,186,Harris English,84,49.8,500,"1,004",Y2017
187,187,J.B. Holmes,83,49.75,501,"1,007",Y2017
188,188,Matt Every,76,48.41,473,977,Y2017
189,189,Andrew Loupe,55,45.93,333,725,Y2017
190,190,Steven Bowditch,59,45.37,348,767,Y2017
1,1,Colt Knost,90,73.36,881,"1,201",Y2016
2,2,Thomas Aiken,70,72.36,665,919,Y2016
3,3,Jerry Kelly,76,71.2,754,"1,059",Y2016
4,4,Brian Stuard,66,71.07,656,923,Y2016
5,5,Zac Blair,99,69.86,927,"1,327",Y2016
6,6,Roberto Castro,97,69.37,940,"1,355",Y2016
7,7,Jim Furyk,52,69.09,503,728,Y2016
8,8,Russell Knox,92,68.51,853,"1,245",Y2016
9,9,John Huh,86,68.3,810,"1,186",Y2016
10,10,Chez Reavie,90,68.22,818,"1,199",Y2016
11,11,David Toms,62,67.98,588,865,Y2016
12,12,Spencer Levin,104,67.79,947,"1,397",Y2016
13,13,Graeme McDowell,63,67.7,570,842,Y2016
14,14,Jason Bohn,67,67.56,633,937,Y2016
15,15,David Lingmerth,84,67.36,747,"1,109",Y2016
16,16,Boo Weekley,83,66.98,777,"1,160",Y2016
17,17,Emiliano Grillo,93,66.93,846,"1,264",Y2016
18,18,Ryan Moore,86,66.52,751,"1,129",Y2016
19,19,Mark Wilson,66,66.2,572,864,Y2016
20,20,K.J. Choi,73,66.18,673,"1,017",Y2016
21,21,David Hearn,95,65.94,875,"1,327",Y2016
22,22,Alex Cejka,71,65.89,620,941,Y2016
23,23,Dicky Pride,55,65.86,488,741,Y2016
24,24,Matt Kuchar,100,65.67,880,"1,340",Y2016
25,25,Jim Herman,93,65.59,852,"1,299",Y2016
26,26,Andrew Landry,53,65.55,449,685,Y2016
27,27,Abraham Ancer,51,65.42,439,671,Y2016
28,28,Billy Hurley III,66,65.36,602,921,Y2016
29,29,Kevin Na,96,65.3,847,"1,297",Y2016
30,30,Kyle Reifers,115,65.29,"1,012","1,550",Y2016
31,31,William McGirt,98,65.28,895,"1,371",Y2016
32,32,Zach Johnson,90,65.23,788,"1,208",Y2016
33,33,Kevin Kisner,97,64.92,857,"1,320",Y2016
34,34,Mark Hubbard,101,64.82,877,"1,353",Y2016
35,35,Scott Langley,65,64.81,571,881,Y2016
36,36,Paul Casey,77,64.67,670,"1,036",Y2016
37,37,Keegan Bradley,82,64.57,740,"1,146",Y2016
38,38,Kyle Stanley,92,64.54,801,"1,241",Y2016
39,39,Chad Campbell,90,64.39,810,"1,258",Y2016
T40,T40,Lucas Glover,75,64.37,674,"1,047",Y2016
T40,T40,Kevin Streelman,82,64.37,737,"1,145",Y2016
42,42,Jon Curran,99,64.35,890,"1,383",Y2016
43,43,Ken Duke,58,64.18,482,751,Y2016
44,44,Danny Lee,93,64.05,807,"1,260",Y2016
45,45,Rod Pampling,54,63.95,447,699,Y2016
46,46,Francesco Molinari,64,63.76,570,894,Y2016
47,47,Scott Brown,88,63.65,781,"1,227",Y2016
48,48,Jason Gore,78,63.63,656,"1,031",Y2016
49,49,Adam Hadwin,93,63.62,827,"1,300",Y2016
50,50,Whee Kim,82,63.48,690,"1,087",Y2016
51,51,Brian Harman,104,63.41,922,"1,454",Y2016
52,52,Henrik Norlander,71,63.39,594,937,Y2016
53,53,Steve Stricker,53,63.23,466,737,Y2016
54,54,Ben Crane,80,63.18,671,"1,062",Y2016
55,55,Russell Henley,76,63.15,670,"1,061",Y2016
56,56,Scott Pinckney,87,63.05,749,"1,188",Y2016
57,57,Si Woo Kim,113,62.84,957,"1,523",Y2016
58,58,Jason Dufner,105,62.83,894,"1,423",Y2016
59,59,Bryce Molder,80,62.53,681,"1,089",Y2016
60,60,Blayne Barber,84,62.37,696,"1,116",Y2016
61,61,Tim Wilkinson,72,62.36,593,951,Y2016
62,62,Bill Haas,86,62.34,715,"1,147",Y2016
63,63,Stuart Appleby,71,62.24,600,964,Y2016
64,64,Rory Sabbatini,57,62.18,467,751,Y2016
65,65,Webb Simpson,70,62.17,608,978,Y2016
66,66,Ben Martin,92,62.14,765,"1,231",Y2016
67,67,Hideki Matsuyama,76,62.04,634,"1,022",Y2016
68,68,Chris Kirk,90,62.02,738,"1,190",Y2016
69,69,Shane Lowry,57,61.85,467,755,Y2016
70,70,Sergio Garcia,54,61.76,441,714,Y2016
71,71,Louis Oosthuizen,63,61.67,481,780,Y2016
72,72,Vaughn Taylor,72,61.59,619,"1,005",Y2016
73,73,Fabián Gómez,82,61.44,682,"1,110",Y2016
74,74,Hudson Swafford,104,61.43,892,"1,452",Y2016
75,75,Geoff Ogilvy,63,61.24,504,823,Y2016
76,76,Johnson Wagner,86,61.13,736,"1,204",Y2016
77,77,Rory McIlroy,69,61.06,530,868,Y2016
T78,T78,George McNeill,51,60.99,433,710,Y2016
T78,T78,Wes Roach,59,60.99,469,769,Y2016
80,80,Brett Stegmaier,87,60.93,722,"1,185",Y2016
81,81,Troy Merritt,77,60.89,657,"1,079",Y2016
82,82,D.H. Lee,61,60.85,485,797,Y2016
83,83,Will MacKenzie,84,60.81,678,"1,115",Y2016
T84,T84,James Hahn,85,60.71,723,"1,191",Y2016
T84,T84,Billy Horschel,73,60.71,595,980,Y2016
86,86,Chris Stroud,82,60.7,678,"1,117",Y2016
87,87,Kevin Chappell,93,60.68,787,"1,297",Y2016
88,88,Padraig Harrington,54,60.66,458,755,Y2016
89,89,Michael Thompson,71,60.57,576,951,Y2016
90,90,Marc Leishman,89,60.55,729,"1,204",Y2016
91,91,Peter Malnati,85,60.54,721,"1,191",Y2016
92,92,Kelly Kraft,63,60.36,498,825,Y2016
93,93,Steve Wheatcroft,85,60.32,681,"1,129",Y2016
94,94,Brendan Steele,88,60.29,709,"1,176",Y2016
95,95,Graham DeLaet,70,60.11,553,920,Y2016
96,96,Derek Ernst,59,60.1,479,797,Y2016
97,97,John Senden,88,60.07,722,"1,202",Y2016
98,98,Sam Saunders,69,59.78,541,905,Y2016
99,99,Cameron Tringale,81,59.57,641,"1,076",Y2016
100,100,D.A. Points,55,59.47,424,713,Y2016
101,101,Scott Piercy,87,59.41,701,"1,180",Y2016
102,102,Sung Kang,89,59.36,720,"1,213",Y2016
103,103,Willy Wilcox,67,59.34,537,905,Y2016
T104,T104,J.J. Henry,68,59.33,550,927,Y2016
T104,T104,Harold Varner III,92,59.33,763,"1,286",Y2016
106,106,Jeff Overton,69,59.25,538,908,Y2016
107,107,Greg Owen,85,59.22,671,"1,133",Y2016
108,108,Cameron Smith,73,59.21,569,961,Y2016
109,109,Brendon de Jonge,83,59.19,670,"1,132",Y2016
110,110,Freddie Jacobson,86,59.03,709,"1,201",Y2016
111,111,Martin Piller,59,58.97,470,797,Y2016
112,112,Sean O'Hair,89,58.84,732,"1,244",Y2016
T113,T113,Rickie Fowler,80,58.69,635,"1,082",Y2016
T113,T113,Brandt Snedeker,93,58.69,733,"1,249",Y2016
115,115,Daniel Summerhays,99,58.65,810,"1,381",Y2016
116,116,Michael Kim,100,58.64,787,"1,342",Y2016
117,117,Brooks Koepka,75,58.6,576,983,Y2016
118,118,Steve Marino,72,58.46,556,951,Y2016
119,119,Jason Kokrak,89,58.41,726,"1,243",Y2016
T120,T120,Stewart Cink,61,58.4,497,851,Y2016
T120,T120,Shawn Stefani,91,58.4,709,"1,214",Y2016
122,122,Hiroshi Iwata,85,58.34,675,"1,157",Y2016
123,123,Jordan Spieth,80,58.14,618,"1,063",Y2016
124,124,Ángel Cabrera,62,58.06,504,868,Y2016
125,125,Brendon Todd,66,58.02,510,879,Y2016
126,126,Tyler Aldridge,83,57.95,638,"1,101",Y2016
127,127,Justin Rose,65,57.9,502,867,Y2016
128,128,Ryan Palmer,86,57.88,694,"1,199",Y2016
129,129,Morgan Hoffmann,71,57.8,541,936,Y2016
130,130,Jonas Blixt,79,57.79,612,"1,059",Y2016
131,131,Patrick Rodgers,89,57.74,686,"1,188",Y2016
132,132,Matt Jones,83,57.55,644,"1,119",Y2016
133,133,Robert Streb,87,57.48,676,"1,176",Y2016
134,134,Chad Collins,73,57.41,585,"1,019",Y2016
135,135,Jamie Lovemark,91,57.32,728,"1,270",Y2016
136,136,Bronson Burgoon,83,57.3,632,"1,103",Y2016
137,137,Nick Taylor,83,57.21,631,"1,103",Y2016
138,138,Dustin Johnson,87,57.17,658,"1,151",Y2016
139,139,Hunter Mahan,61,57.13,485,849,Y2016
140,140,Scott Stallings,74,56.95,557,978,Y2016
141,141,Dawie van der Walt,72,56.89,557,979,Y2016
142,142,Charl Schwartzel,73,56.86,555,976,Y2016
143,143,Vijay Singh,72,56.73,569,"1,003",Y2016
T144,T144,Luke Donald,81,56.69,640,"1,129",Y2016
T144,T144,Gary Woodland,95,56.69,720,"1,270",Y2016
146,146,Daniel Berger,92,56.68,704,"1,242",Y2016
147,147,Chesson Hadley,81,56.58,623,"1,101",Y2016
148,148,Jhonattan Vegas,97,56.57,736,"1,301",Y2016
149,149,Retief Goosen,55,56.4,432,766,Y2016
150,150,Anirban Lahiri,72,56.31,544,966,Y2016
151,151,Patrick Reed,105,55.96,775,"1,385",Y2016
152,152,Tom Hoge,81,55.81,600,"1,075",Y2016
153,153,Adam Scott,79,55.55,591,"1,064",Y2016
154,154,Luke Guthrie,57,55.53,427,769,Y2016
155,155,Aaron Baddeley,93,55.42,690,"1,245",Y2016
156,156,Rob Oppenheim,67,55.28,487,881,Y2016
157,157,Patton Kizzire,93,55.23,686,"1,242",Y2016
T158,T158,Branden Grace,63,55.14,461,836,Y2016
T158,T158,Martin Laird,82,55.14,601,"1,090",Y2016
160,160,Bubba Watson,72,55.11,534,969,Y2016
161,161,Robert Allenby,51,55.06,392,712,Y2016
162,162,Harris English,97,55.01,746,"1,356",Y2016
163,163,Phil Mickelson,75,54.82,552,"1,007",Y2016
164,164,Charley Hoffman,91,54.8,673,"1,228",Y2016
165,165,Andres Gonzales,80,54.55,594,"1,089",Y2016
166,166,Ricky Barnes,97,54.27,705,"1,299",Y2016
167,167,Justin Thomas,99,53.94,725,"1,344",Y2016
168,168,Robert Garrigus,69,53.91,490,909,Y2016
169,169,Erik Compton,65,53.64,472,880,Y2016
170,170,Ernie Els,66,52.93,488,922,Y2016
T171,T171,Smylie Kaufman,91,52.91,654,"1,236",Y2016
T171,T171,Tyrone Van Aswegen,105,52.91,754,"1,425",Y2016
173,173,Carlos Ortiz,79,52.77,552,"1,046",Y2016
174,174,Charles Howell III,91,52.6,668,"1,270",Y2016
175,175,Tony Finau,95,52.48,697,"1,328",Y2016
176,176,Rhein Gibson,58,52.45,396,755,Y2016
177,177,Camilo Villegas,83,52.18,575,"1,102",Y2016
178,178,Derek Fathauer,94,52.02,683,"1,313",Y2016
179,179,J.B. Holmes,77,51.68,537,"1,039",Y2016
180,180,Luke List,79,50.98,548,"1,075",Y2016
181,181,Jason Day,76,50.46,489,969,Y2016
182,182,Seung-Yul Noh,85,49.12,555,"1,130",Y2016
183,183,Jimmy Walker,85,48.31,556,"1,151",Y2016
184,184,Andrew Loupe,75,45.56,477,"1,047",Y2016
185,185,Steven Bowditch,71,43.02,428,995,Y2016
1,1,Francesco Molinari,56,76.88,572,744,Y2015
2,2,David Toms,62,74.5,602,808,Y2015
3,3,Chez Reavie,56,71.89,560,779,Y2015
4,4,Justin Leonard,61,71.7,613,855,Y2015
5,5,Jason Bohn,95,71.58,947,"1,323",Y2015
6,6,Steven Alker,62,71.41,597,836,Y2015
7,7,Colt Knost,90,71.24,852,"1,196",Y2015
8,8,Zach Johnson,90,71.21,873,"1,226",Y2015
9,9,Jerry Kelly,79,70.45,775,"1,100",Y2015
10,10,Brendon Todd,96,70.24,918,"1,307",Y2015
11,11,Ryan Moore,81,70.05,767,"1,095",Y2015
12,12,Henrik Stenson,63,69.91,590,844,Y2015
13,13,Heath Slocum,57,69.51,513,738,Y2015
14,14,John Huh,102,69.44,975,"1,404",Y2015
15,15,Brian Stuard,97,69.31,899,"1,297",Y2015
16,16,Spencer Levin,99,69.09,932,"1,349",Y2015
17,17,Jim Furyk,71,69.08,621,899,Y2015
18,18,Willy Wilcox,58,68.98,516,748,Y2015
19,19,Nicholas Thompson,90,68.7,821,"1,195",Y2015
20,20,Kevin Streelman,95,68.63,875,"1,275",Y2015
21,21,Cameron Tringale,96,68.5,922,"1,346",Y2015
22,22,John Merrick,78,68.32,703,"1,029",Y2015
T23,T23,Zac Blair,108,67.91,984,"1,449",Y2015
T23,T23,Ken Duke,93,67.91,840,"1,237",Y2015
25,25,William McGirt,103,67.87,976,"1,438",Y2015
26,26,Webb Simpson,81,67.85,745,"1,098",Y2015
27,27,Jason Dufner,76,67.81,693,"1,022",Y2015
28,28,Russell Knox,96,67.76,910,"1,343",Y2015
29,29,Brian Davis,86,67.66,772,"1,141",Y2015
30,30,John Peterson,84,67.52,790,"1,170",Y2015
31,31,Ben Crane,62,67.49,548,812,Y2015
32,32,Jon Curran,83,67.46,740,"1,097",Y2015
33,33,Jim Herman,88,67.1,824,"1,228",Y2015
34,34,Kevin Kisner,104,66.85,972,"1,454",Y2015
35,35,Bryce Molder,91,66.8,809,"1,211",Y2015
36,36,Jason Gore,76,66.67,670,"1,005",Y2015
37,37,John Senden,80,66.6,704,"1,057",Y2015
38,38,Mark Hubbard,79,66.32,711,"1,072",Y2015
39,39,Billy Hurley III,83,65.91,723,"1,097",Y2015
40,40,Roberto Castro,54,65.76,457,695,Y2015
41,41,Chad Campbell,97,65.75,889,"1,352",Y2015
42,42,Sung Joon Park,79,65.73,702,"1,068",Y2015
43,43,Pat Perez,96,65.7,881,"1,341",Y2015
44,44,Brendon de Jonge,106,65.69,969,"1,475",Y2015
45,45,Jonathan Byrd,69,65.6,593,904,Y2015
46,46,David Lingmerth,90,65.51,828,"1,264",Y2015
47,47,Graham DeLaet,65,65.46,597,912,Y2015
48,48,Adam Hadwin,95,65.43,846,"1,293",Y2015
49,49,Hideki Matsuyama,95,65.25,830,"1,272",Y2015
50,50,Ben Martin,93,65.09,828,"1,272",Y2015
51,51,Davis Love III,51,64.94,463,713,Y2015
52,52,Keegan Bradley,87,64.85,762,"1,175",Y2015
53,53,Mark Wilson,89,64.53,764,"1,184",Y2015
54,54,Russell Henley,87,64.39,763,"1,185",Y2015
55,55,Brian Harman,90,64.37,813,"1,263",Y2015
56,56,Derek Ernst,75,64.3,634,986,Y2015
57,57,Chris Stroud,84,64.22,754,"1,174",Y2015
T58,T58,Paul Casey,87,64.16,741,"1,155",Y2015
T58,T58,David Hearn,97,64.16,870,"1,356",Y2015
60,60,George McNeill,93,64.1,832,"1,298",Y2015
61,61,K.J. Choi,66,64.09,555,866,Y2015
62,62,Sam Saunders,83,64,720,"1,125",Y2015
63,63,Danny Lee,120,63.92,"1,070","1,674",Y2015
64,64,Justin Rose,69,63.87,594,930,Y2015
65,65,Kevin Chappell,86,63.86,767,"1,201",Y2015
T66,T66,Chad Collins,79,63.82,702,"1,100",Y2015
T66,T66,Lucas Glover,79,63.82,702,"1,100",Y2015
68,68,Alex Cejka,94,63.78,817,"1,281",Y2015
69,69,Billy Horschel,99,63.77,845,"1,325",Y2015
70,70,Blayne Barber,76,63.72,657,"1,031",Y2015
71,71,Bill Lunde,50,63.59,407,640,Y2015
72,72,Ian Poulter,68,63.58,569,895,Y2015
73,73,Bill Haas,89,63.35,764,"1,206",Y2015
74,74,Hudson Swafford,97,63.34,838,"1,323",Y2015
75,75,Boo Weekley,79,63.27,696,"1,100",Y2015
76,76,Matt Kuchar,97,63.23,834,"1,319",Y2015
77,77,Tim Wilkinson,73,63.09,624,989,Y2015
78,78,Robert Allenby,63,63.06,519,823,Y2015
79,79,Steve Wheatcroft,87,63.03,728,"1,155",Y2015
80,80,Jordan Spieth,91,62.91,775,"1,232",Y2015
81,81,Troy Merritt,91,62.83,796,"1,267",Y2015
82,82,Scott Brown,97,62.77,848,"1,351",Y2015
83,83,Charlie Beljan,76,62.61,628,"1,003",Y2015
84,84,Kevin Na,98,62.51,832,"1,331",Y2015
85,85,Greg Chalmers,58,62.17,470,756,Y2015
86,86,Johnson Wagner,68,62.11,590,950,Y2015
87,87,Rickie Fowler,76,62.08,622,"1,002",Y2015
88,88,Shawn Stefani,94,62.06,813,"1,310",Y2015
89,89,Alex Prugh,84,62.03,691,"1,114",Y2015
90,90,Chris Kirk,76,61.97,634,"1,023",Y2015
91,91,Scott Langley,94,61.9,793,"1,281",Y2015
92,92,Daniel Summerhays,101,61.79,870,"1,408",Y2015
93,93,Oscar Fraustro,58,61.78,464,751,Y2015
94,94,Kyle Reifers,96,61.59,789,"1,281",Y2015
95,95,Michael Putnam,87,61.47,726,"1,181",Y2015
96,96,Brice Garnett,81,61.25,675,"1,102",Y2015
97,97,Brendan Steele,88,61.13,717,"1,173",Y2015
98,98,Nick Watney,91,61.08,772,"1,264",Y2015
99,99,Brandt Snedeker,98,60.98,808,"1,325",Y2015
100,100,Gonzalo Fernandez-Castaño,81,60.97,653,"1,071",Y2015
101,101,Scott Pinckney,88,60.95,746,"1,224",Y2015
102,102,Fabián Gómez,83,60.88,705,"1,158",Y2015
103,103,Charl Schwartzel,67,60.81,540,888,Y2015
T104,T104,Daniel Berger,97,60.74,823,"1,355",Y2015
T104,T104,Sean O'Hair,86,60.74,727,"1,197",Y2015
106,106,Bo Van Pelt,81,60.73,668,"1,100",Y2015
107,107,Adam Scott,51,60.69,403,664,Y2015
108,108,Whee Kim,71,60.4,581,962,Y2015
109,109,Cameron Percy,72,60.31,588,975,Y2015
110,110,Rory Sabbatini,81,60.3,679,"1,126",Y2015
111,111,J.J. Henry,94,60.29,756,"1,254",Y2015
112,112,Jonas Blixt,78,60.26,614,"1,019",Y2015
113,113,Jamie Donaldson,50,60.09,399,664,Y2015
114,114,Vijay Singh,78,60.06,651,"1,084",Y2015
115,115,Sangmoon Bae,98,60.03,823,"1,371",Y2015
116,116,James Hahn,94,59.89,787,"1,314",Y2015
T117,T117,Louis Oosthuizen,68,59.84,523,874,Y2015
T117,T117,Carlos Ortiz,100,59.84,800,"1,337",Y2015
T119,T119,Matt Jones,89,59.7,714,"1,196",Y2015
T119,T119,Lee Westwood,56,59.7,437,732,Y2015
121,121,Greg Owen,58,59.63,486,815,Y2015
122,122,Geoff Ogilvy,50,59.59,407,683,Y2015
T123,T123,Sergio Garcia,59,59.47,471,792,Y2015
T123,T123,Robert Streb,110,59.47,923,"1,552",Y2015
125,125,Roger Sloan,56,59.45,431,725,Y2015
126,126,Andrew Svoboda,80,59.32,646,"1,089",Y2015
127,127,Erik Compton,86,59.31,710,"1,197",Y2015
128,128,Scott Piercy,90,59.3,746,"1,258",Y2015
129,129,Luke Donald,71,59.28,591,997,Y2015
130,130,Carl Pettersson,106,59.05,874,"1,480",Y2015
131,131,Hunter Mahan,88,58.91,681,"1,156",Y2015
132,132,Jeff Overton,94,58.87,753,"1,279",Y2015
133,133,Luke Guthrie,84,58.86,671,"1,140",Y2015
134,134,Tom Hoge,83,58.84,649,"1,103",Y2015
135,135,Martin Laird,77,58.54,627,"1,071",Y2015
136,136,Harris English,105,58.51,835,"1,427",Y2015
T137,T137,Justin Thomas,106,58.24,859,"1,475",Y2015
T137,T137,Michael Thompson,83,58.24,657,"1,128",Y2015
139,139,Byron Smith,59,58.15,446,767,Y2015
140,140,Andres Gonzales,90,58.06,695,"1,197",Y2015
141,141,Charley Hoffman,97,58.01,764,"1,317",Y2015
142,142,Scott Stallings,60,57.74,485,840,Y2015
143,143,Jim Renner,68,57.44,529,921,Y2015
144,144,Stewart Cink,77,57.35,620,"1,081",Y2015
145,145,Brooks Koepka,84,57.33,653,"1,139",Y2015
146,146,Patrick Rodgers,57,56.97,421,739,Y2015
147,147,Chesson Hadley,101,56.87,803,"1,412",Y2015
148,148,Martin Flores,95,56.83,720,"1,267",Y2015
149,149,Ernie Els,57,56.79,456,803,Y2015
150,150,Robert Garrigus,70,56.72,519,915,Y2015
T151,T151,Retief Goosen,81,56.57,611,"1,080",Y2015
T151,T151,Ryan Palmer,80,56.57,603,"1,066",Y2015
153,153,Bubba Watson,71,56.55,535,946,Y2015
154,154,Max Homa,78,56.45,582,"1,031",Y2015
155,155,Jason Kokrak,88,56.41,691,"1,225",Y2015
156,156,Ryo Ishikawa,90,56.39,693,"1,229",Y2015
157,157,D.A. Points,72,56.37,549,974,Y2015
158,158,Gary Woodland,81,56.21,584,"1,039",Y2015
159,159,Nick Taylor,91,56.05,713,"1,272",Y2015
160,160,Jhonattan Vegas,90,56.01,671,"1,198",Y2015
161,161,Phil Mickelson,70,55.98,552,986,Y2015
162,162,Jason Day,75,55.94,570,"1,019",Y2015
163,163,Ángel Cabrera,53,55.9,417,746,Y2015
164,164,Eric Axley,57,55.54,426,767,Y2015
165,165,Dustin Johnson,75,55.53,562,"1,012",Y2015
166,166,Jonathan Randolph,72,55.19,537,973,Y2015
167,167,Marc Leishman,74,54.99,534,971,Y2015
168,168,Andrew Putnam,68,54.98,491,893,Y2015
169,169,Seung-Yul Noh,65,54.87,501,913,Y2015
170,170,Morgan Hoffmann,85,54.83,653,"1,191",Y2015
171,171,Patrick Reed,103,54.78,762,"1,391",Y2015
172,172,Tony Finau,106,54.3,802,"1,477",Y2015
173,173,Camilo Villegas,83,54.12,631,"1,166",Y2015
174,174,Ricky Barnes,82,54.1,587,"1,085",Y2015
175,175,J.B. Holmes,89,54.05,647,"1,197",Y2015
176,176,Steven Bowditch,103,54.04,782,"1,447",Y2015
177,177,Tyrone Van Aswegen,58,53.39,402,753,Y2015
178,178,Andres Romero,69,52.67,484,919,Y2015
179,179,Charles Howell III,105,52.43,767,"1,463",Y2015
180,180,Jimmy Walker,89,52.23,633,"1,212",Y2015
181,181,Padraig Harrington,60,51.72,437,845,Y2015
182,182,Derek Fathauer,81,51.63,554,"1,073",Y2015
183,183,Matt Every,73,51.52,508,986,Y2015
184,184,Aaron Baddeley,76,50.29,520,"1,034",Y2015
1,1,David Toms,64,75.49,653,865,Y2014
2,2,Tim Clark,75,74.02,775,"1,047",Y2014
3,3,Justin Hicks,103,73.46,"1,013","1,379",Y2014
4,4,Jim Furyk,84,73.18,816,"1,115",Y2014
5,5,Heath Slocum,71,72.41,698,964,Y2014
6,6,Zach Johnson,97,70.51,949,"1,346",Y2014
7,7,Billy Hurley III,86,70.44,846,"1,201",Y2014
8,8,Ken Duke,80,70.18,765,"1,090",Y2014
9,9,Ryan Moore,86,69.92,825,"1,180",Y2014
10,10,Boo Weekley,73,69.57,702,"1,009",Y2014
11,11,"Ted Potter, Jr.",68,69.56,658,946,Y2014
12,12,Graeme McDowell,66,69.2,600,867,Y2014
13,13,Jeff Maggert,54,68.83,519,754,Y2014
14,14,Henrik Stenson,56,68.78,520,756,Y2014
15,15,John Merrick,87,68.62,796,"1,160",Y2014
16,16,Kevin Streelman,79,68.04,743,"1,092",Y2014
17,17,Brendon de Jonge,109,67.87,"1,033","1,522",Y2014
18,18,Russell Knox,92,67.6,866,"1,281",Y2014
19,19,David Hearn,97,67.48,913,"1,353",Y2014
20,20,Matt Kuchar,91,67.37,830,"1,232",Y2014
21,21,Brian Davis,93,67.23,872,"1,297",Y2014
22,22,Nicholas Thompson,85,67.08,756,"1,127",Y2014
23,23,Billy Horschel,92,67.04,846,"1,262",Y2014
24,24,Mark Wilson,69,67,607,906,Y2014
25,25,John Huh,87,66.87,775,"1,159",Y2014
26,26,Scott Brown,100,66.55,931,"1,399",Y2014
27,27,Jerry Kelly,80,66.49,740,"1,113",Y2014
28,28,D.H. Lee,54,66.47,462,695,Y2014
29,29,Ben Crane,81,66.4,749,"1,128",Y2014
30,30,Daniel Summerhays,98,66.3,905,"1,365",Y2014
T31,T31,Brian Stuard,91,66.14,803,"1,214",Y2014
T31,T31,Andrew Svoboda,77,66.14,711,"1,075",Y2014
33,33,William McGirt,96,65.94,883,"1,339",Y2014
34,34,Y.E. Yang,79,65.41,711,"1,087",Y2014
35,35,Chad Campbell,57,65.36,483,739,Y2014
36,36,Hunter Mahan,88,65.1,774,"1,189",Y2014
37,37,Danny Lee,84,65.05,726,"1,116",Y2014
38,38,Justin Leonard,75,65.04,679,"1,044",Y2014
39,39,Jason Bohn,81,64.95,732,"1,127",Y2014
40,40,Spencer Levin,59,64.92,533,821,Y2014
41,41,Kevin Chappell,100,64.9,869,"1,339",Y2014
42,42,Brendon Todd,108,64.85,976,"1,505",Y2014
43,43,Ben Curtis,77,64.8,659,"1,017",Y2014
44,44,Will MacKenzie,82,64.5,736,"1,141",Y2014
45,45,Derek Ernst,80,64.41,686,"1,065",Y2014
46,46,J.J. Henry,91,64.39,781,"1,213",Y2014
47,47,Ben Martin,80,64.34,718,"1,116",Y2014
48,48,Kevin Na,94,64.32,842,"1,309",Y2014
T49,T49,Kevin Stadler,90,64.28,799,"1,243",Y2014
T49,T49,Hudson Swafford,75,64.28,637,991,Y2014
51,51,John Senden,99,64.25,886,"1,379",Y2014
52,52,K.J. Choi,80,64.22,716,"1,115",Y2014
53,53,Shawn Stefani,60,64.17,539,840,Y2014
54,54,Lucas Glover,68,64.02,589,920,Y2014
55,55,John Peterson,62,64,535,836,Y2014
56,56,Nick Watney,80,63.97,671,"1,049",Y2014
57,57,Chris Stroud,88,63.93,787,"1,231",Y2014
58,58,Cameron Tringale,111,63.87,988,"1,547",Y2014
59,59,Jason Dufner,57,63.76,482,756,Y2014
T60,T60,Briny Baird,50,63.7,444,697,Y2014
T60,T60,Brandt Snedeker,89,63.7,774,"1,215",Y2014
62,62,Russell Henley,92,63.67,822,"1,291",Y2014
63,63,Roberto Castro,76,62.95,649,"1,031",Y2014
64,64,Bill Haas,107,62.94,924,"1,468",Y2014
65,65,Bo Van Pelt,83,62.83,727,"1,157",Y2014
66,66,Chris Kirk,105,62.78,916,"1,459",Y2014
T67,T67,Luke Donald,57,62.56,488,780,Y2014
T67,T67,D.A. Points,75,62.56,640,"1,023",Y2014
69,69,Keegan Bradley,89,62.36,767,"1,230",Y2014
70,70,Webb Simpson,87,62.24,732,"1,176",Y2014
T71,T71,George McNeill,79,62.22,685,"1,101",Y2014
T71,T71,Michael Thompson,74,62.22,644,"1,035",Y2014
73,73,Sergio Garcia,61,62.19,505,812,Y2014
74,74,Jim Herman,62,62.18,503,809,Y2014
75,75,Graham DeLaet,80,62.07,684,"1,102",Y2014
76,76,Brian Gay,81,61.99,685,"1,105",Y2014
77,77,Richard Lee,80,61.86,673,"1,088",Y2014
78,78,Jonathan Byrd,76,61.58,617,"1,002",Y2014
79,79,Hideki Matsuyama,82,61.52,689,"1,120",Y2014
80,80,Adam Scott,68,61.51,588,956,Y2014
81,81,Robert Allenby,83,61.47,694,"1,129",Y2014
82,82,Woody Austin,63,61.45,507,825,Y2014
T83,T83,Kevin Kisner,85,61.43,728,"1,185",Y2014
T83,T83,Troy Merritt,62,61.43,532,866,Y2014
85,85,Willy Wilcox,51,61.4,420,684,Y2014
86,86,Sangmoon Bae,76,61.39,652,"1,062",Y2014
87,87,Ian Poulter,57,61.35,481,784,Y2014
88,88,Martin Kaymer,65,61.27,549,896,Y2014
T89,T89,Martin Laird,66,61.26,533,870,Y2014
T89,T89,Kyle Stanley,87,61.26,710,"1,159",Y2014
T91,T91,Josh Teater,90,61.22,750,"1,225",Y2014
T91,T91,Lee Westwood,57,61.22,480,784,Y2014
93,93,Jhonattan Vegas,77,61.16,641,"1,048",Y2014
T94,T94,Scott Langley,95,61.08,791,"1,295",Y2014
T94,T94,Michael Putnam,106,61.08,868,"1,421",Y2014
96,96,Wes Roach,67,61.05,536,878,Y2014
97,97,Brian Harman,111,60.96,943,"1,547",Y2014
98,98,Louis Oosthuizen,50,60.9,391,642,Y2014
99,99,James Hahn,82,60.83,677,"1,113",Y2014
100,100,Vijay Singh,83,60.66,703,"1,159",Y2014
101,101,Paul Casey,56,60.49,473,782,Y2014
102,102,Bubba Watson,76,60.47,618,"1,022",Y2014
103,103,Stuart Appleby,92,60.42,757,"1,253",Y2014
104,104,Brad Fritsch,50,60.24,403,669,Y2014
105,105,Pat Perez,84,60.05,702,"1,169",Y2014
T106,T106,Harris English,95,59.95,771,"1,286",Y2014
T106,T106,Camilo Villegas,95,59.95,795,"1,326",Y2014
T108,T108,Gonzalo Fernandez-Castaño,83,59.93,688,"1,148",Y2014
T108,T108,Rickie Fowler,91,59.93,712,"1,188",Y2014
T108,T108,Rory McIlroy,66,59.93,537,896,Y2014
111,111,Justin Rose,70,59.92,568,948,Y2014
112,112,David Lingmerth,80,59.83,633,"1,058",Y2014
113,113,John Rollins,84,59.8,668,"1,117",Y2014
114,114,Bronson La'Cassie,51,59.76,392,656,Y2014
115,115,Chad Collins,78,59.67,614,"1,029",Y2014
116,116,Robert Streb,75,59.62,592,993,Y2014
T117,T117,Brendan Steele,89,59.51,707,"1,188",Y2014
T117,T117,Tim Wilkinson,86,59.51,682,"1,146",Y2014
T119,T119,Bryce Molder,77,59.49,605,"1,017",Y2014
T119,T119,Gary Woodland,93,59.49,765,"1,286",Y2014
T121,T121,Stewart Cink,91,59.45,755,"1,270",Y2014
T121,T121,Charl Schwartzel,64,59.45,516,868,Y2014
123,123,Freddie Jacobson,91,59.35,752,"1,267",Y2014
124,124,Davis Love III,74,59.04,591,"1,001",Y2014
125,125,Charlie Beljan,76,59.02,592,"1,003",Y2014
126,126,Luke Guthrie,85,58.99,699,"1,185",Y2014
127,127,Kevin Tway,64,58.95,494,838,Y2014
128,128,Brice Garnett,92,58.91,724,"1,229",Y2014
T129,T129,Carl Pettersson,91,58.79,746,"1,269",Y2014
T129,T129,Jordan Spieth,102,58.79,806,"1,371",Y2014
131,131,Jason Day,54,58.72,394,671,Y2014
132,132,Charley Hoffman,93,58.69,760,"1,295",Y2014
133,133,Ryan Palmer,85,58.55,695,"1,187",Y2014
T134,T134,Greg Chalmers,85,58.51,660,"1,128",Y2014
T134,T134,Geoff Ogilvy,84,58.51,653,"1,116",Y2014
T136,T136,Trevor Immelman,84,58.5,654,"1,118",Y2014
T136,T136,Matt Jones,83,58.5,678,"1,159",Y2014
138,138,Erik Compton,88,58.48,717,"1,226",Y2014
139,139,Ángel Cabrera,69,58.4,563,964,Y2014
140,140,Phil Mickelson,71,58.01,576,993,Y2014
141,141,Marc Leishman,81,57.97,647,"1,116",Y2014
142,142,Tommy Gainey,73,57.92,556,960,Y2014
143,143,Charlie Wi,72,57.74,563,975,Y2014
144,144,Bud Cauley,56,57.54,450,782,Y2014
145,145,Jeff Overton,80,57.36,608,"1,060",Y2014
T146,T146,Robert Garrigus,80,57.18,637,"1,114",Y2014
T146,T146,Dustin Johnson,58,57.18,458,801,Y2014
148,148,Chesson Hadley,84,57.01,667,"1,170",Y2014
149,149,Johnson Wagner,69,56.95,516,906,Y2014
150,150,Brooks Koepka,56,56.91,445,782,Y2014
151,151,Matt Every,85,56.72,671,"1,183",Y2014
152,152,Martin Flores,85,56.71,672,"1,185",Y2014
153,153,Jim Renner,61,56.5,465,823,Y2014
154,154,Jonas Blixt,64,56.16,488,869,Y2014
155,155,Scott Stallings,77,56.04,594,"1,060",Y2014
156,156,Retief Goosen,94,55.9,701,"1,254",Y2014
157,157,Jason Kokrak,65,55.64,503,904,Y2014
158,158,Patrick Reed,92,55.59,701,"1,261",Y2014
159,159,Rory Sabbatini,82,55.48,602,"1,085",Y2014
160,160,Steven Bowditch,93,55.13,715,"1,297",Y2014
161,161,Seung-Yul Noh,92,55.02,707,"1,285",Y2014
162,162,Ricky Barnes,92,54.85,673,"1,227",Y2014
163,163,Andres Romero,81,54.79,589,"1,075",Y2014
164,164,J.B. Holmes,86,54.71,656,"1,199",Y2014
165,165,Morgan Hoffmann,103,54.09,747,"1,381",Y2014
166,166,Jamie Lovemark,64,53.94,452,838,Y2014
167,167,Sean O'Hair,77,53.73,576,"1,072",Y2014
168,168,Tyrone Van Aswegen,79,53.54,583,"1,089",Y2014
T169,T169,Ernie Els,85,53.26,588,"1,104",Y2014
T169,T169,Ryo Ishikawa,75,53.26,556,"1,044",Y2014
171,171,Troy Matteson,62,53.09,430,810,Y2014
172,172,Charles Howell III,106,52.77,780,"1,478",Y2014
173,173,Mike Weir,69,52.76,478,906,Y2014
174,174,James Driscoll,71,52.68,520,987,Y2014
175,175,Aaron Baddeley,74,52.29,525,"1,004",Y2014
176,176,Jimmy Walker,98,51.67,696,"1,347",Y2014
177,177,Andrew Loupe,65,50,426,852,Y2014
