RANK THIS WEEK,RANK LAST WEEK,PLAYER NAME,ROUNDS,AVG,TOTAL DISTANCE (FEET),# OF ATTEMPTS,RELATIVE TO PAR,YEAR
1,,Kevin Na,91,"24' 4""",4817.33,198,-29,Y2018
2,,Cameron Percy,56,"24' 5""",2540.5,104,-11,Y2018
T3,,Brooks Koepka,64,"24' 8""",3161.75,128,-18,Y2018
T3,,Marc Leishman,93,"24' 8""",4657.58,189,-24,Y2018
T3,,Henrik Stenson,60,"24' 8""",3473.42,141,-12,Y2018
T6,,Zecheng Dou,53,"24' 10""",2409.33,97,-3,Y2018
T6,,Cody Gribble,71,"24' 10""",3600.08,145,-17,Y2018
T6,,Zach Johnson,94,"24' 10""",5486.67,221,-22,Y2018
9,,Patton Kizzire,92,"25' 3""",4972.58,197,-7,Y2018
10,,Phil Mickelson,90,"25' 6""",4055.08,159,-14,Y2018
11,,Sam Ryder,82,"25' 7""",5545.92,217,-15,Y2018
T12,,Keegan Bradley,98,"25' 8""",6958.08,271,-21,Y2018
T12,,"Ted Potter, Jr.",87,"25' 8""",5334.17,208,-24,Y2018
T12,,Chez Reavie,93,"25' 8""",4903.83,191,-19,Y2018
T15,,Jordan Spieth,81,"25' 9""",4322.08,168,-8,Y2018
T15,,Kyle Thompson,50,"25' 9""",2578.17,100,-2,Y2018
17,,Justin Thomas,91,"25' 10""",4235.42,164,-6,Y2018
T18,,Emiliano Grillo,94,"25' 11""",6120.5,236,-27,Y2018
T18,,Nicholas Lindheim,77,"25' 11""",4723.42,182,-18,Y2018
T18,,Patrick Reed,94,"25' 11""",4072.67,157,-15,Y2018
T18,,Shawn Stefani,76,"25' 11""",4332.25,167,-5,Y2018
22,,J.J. Spaun,85,"26' 1""",5563.42,213,-3,Y2018
T23,,Byeong Hun An,86,"26' 2""",5624.42,215,-14,Y2018
T23,,Shane Lowry,64,"26' 2""",3720.25,142,-14,Y2018
T25,,Dustin Johnson,77,"26' 3""",3622.33,138,-15,Y2018
T25,,Whee Kim,93,"26' 3""",6388.17,243,-5,Y2018
T25,,Anirban Lahiri,82,"26' 3""",5323.83,203,-19,Y2018
T25,,Francesco Molinari,73,"26' 3""",4199.25,160,-13,Y2018
T29,,Rafa Cabrera Bello,75,"26' 4""",3683.25,140,-12,Y2018
T29,,Austin Cook,107,"26' 4""",7353.67,279,-25,Y2018
T29,,Brandon Harkins,101,"26' 4""",5881.25,223,-15,Y2018
T29,,Charley Hoffman,87,"26' 4""",5035.92,191,-19,Y2018
T29,,Justin Rose,70,"26' 4""",3865.92,147,-19,Y2018
T29,,Conrad Shindler,60,"26' 4""",3789.58,144,-6,Y2018
T35,,Russell Knox,94,"26' 5""",5972.5,226,-15,Y2018
T35,,Matt Kuchar,88,"26' 5""",4616.75,175,-10,Y2018
T35,,Ollie Schniederjans,91,"26' 5""",5624.5,213,-9,Y2018
T38,,Ricky Barnes,65,"26' 6""",3152.83,119,-13,Y2018
T38,,David Hearn,66,"26' 6""",3916,148,5,Y2018
T38,,Kevin Kisner,89,"26' 6""",4690.83,177,-17,Y2018
T41,,Ryan Armour,109,"26' 7""",7984.5,300,-26,Y2018
T41,,Kyle Stanley,93,"26' 7""",5557,209,-15,Y2018
T41,,Kevin Streelman,94,"26' 7""",6437.67,242,-18,Y2018
T44,,J.B. Holmes,77,"26' 8""",4580.17,172,-5,Y2018
T44,,Sung Kang,89,"26' 8""",5170.42,194,10,Y2018
T44,,Kelly Kraft,94,"26' 8""",6302.92,236,-21,Y2018
T44,,Ryan Moore,78,"26' 8""",5448.33,204,-14,Y2018
T44,,Aaron Wise,90,"26' 8""",5461.92,205,-19,Y2018
T49,,Tony Finau,105,"26' 9""",5128.25,192,-21,Y2018
T49,,Hideki Matsuyama,75,"26' 9""",4304,161,-9,Y2018
T49,,Ian Poulter,73,"26' 9""",3935.92,147,-5,Y2018
T52,,Paul Casey,74,"26' 10""",4026.92,150,-8,Y2018
T52,,Tommy Fleetwood,73,"26' 10""",4073.33,152,-21,Y2018
T52,,Danny Lee,88,"26' 10""",5907.67,220,-5,Y2018
T55,,Rickie Fowler,74,"26' 11""",5546.67,206,-21,Y2018
T55,,Jamie Lovemark,92,"26' 11""",5349.08,199,-18,Y2018
57,,Patrick Cantlay,87,"27' 0""",4372.17,162,-16,Y2018
T58,,Kevin Chappell,77,"27' 1""",4061.75,150,-9,Y2018
T58,,J.J. Henry,81,"27' 1""",5147,190,-4,Y2018
T58,,Ryan Palmer,69,"27' 1""",4276.08,158,4,Y2018
T58,,Tyrone Van Aswegen,101,"27' 1""",6714.83,248,-18,Y2018
T58,,Harold Varner III,91,"27' 1""",5985.75,221,-22,Y2018
T63,,Talor Gooch,78,"27' 2""",4834.58,178,-11,Y2018
T63,,Tom Hoge,101,"27' 2""",6226.25,229,9,Y2018
T63,,C.T. Pan,104,"27' 2""",7394.33,272,-23,Y2018
T66,,Wesley Bryan,69,"27' 3""",4437.42,163,-13,Y2018
T66,,Matt Every,79,"27' 3""",4958.83,182,-2,Y2018
T66,,Robert Garrigus,80,"27' 3""",4955.67,182,-2,Y2018
T66,,James Hahn,85,"27' 3""",5960.33,219,-21,Y2018
T66,,Russell Henley,77,"27' 3""",4490.92,165,-20,Y2018
T66,,Martin Laird,73,"27' 3""",5755,211,-11,Y2018
T66,,William McGirt,84,"27' 3""",6070.92,223,-20,Y2018
T73,,Kiradech Aphibarnrat,51,"27' 5""",3046.83,111,2,Y2018
T73,,Jimmy Walker,81,"27' 5""",5071.58,185,-6,Y2018
T75,,Brian Harman,94,"27' 6""",5417.67,197,-7,Y2018
T75,,Pat Perez,82,"27' 6""",4341.25,158,2,Y2018
T75,,Cameron Smith,85,"27' 6""",4176.25,152,-2,Y2018
T78,,Joel Dahmen,93,"27' 7""",5482.75,199,-5,Y2018
T78,,Satoshi Kodaira,51,"27' 7""",3583.83,130,12,Y2018
T78,,Adam Scott,78,"27' 7""",5220.33,189,-3,Y2018
T81,,Daniel Berger,81,"27' 8""",5559.25,201,2,Y2018
T81,,Lanto Griffin,80,"27' 8""",4422.33,160,-6,Y2018
T81,,Chesson Hadley,103,"27' 8""",7385.92,267,10,Y2018
T81,,Rob Oppenheim,74,"27' 8""",3900.83,141,-3,Y2018
T85,,Martin Flores,92,"27' 9""",5268.92,190,2,Y2018
T85,,Brian Stuard,103,"27' 9""",7624.5,275,-25,Y2018
T85,,Tiger Woods,68,"27' 9""",4161.83,150,-11,Y2018
88,,Bryson DeChambeau,93,"27' 10""",6420.08,231,-13,Y2018
T89,,Nate Lashley,51,"27' 11""",2933.17,105,-1,Y2018
T89,,Ben Martin,64,"27' 11""",4801.67,172,-5,Y2018
T89,,Graeme McDowell,67,"27' 11""",4052.5,145,-15,Y2018
T89,,Keith Mitchell,99,"27' 11""",5630.92,202,-3,Y2018
T89,,Sam Saunders,80,"27' 11""",5384.33,193,2,Y2018
T89,,Charl Schwartzel,65,"27' 11""",3152,113,-12,Y2018
T89,,Vaughn Taylor,83,"27' 11""",6592.08,236,-9,Y2018
T89,,Peter Uihlein,83,"27' 11""",4158.58,149,-9,Y2018
T97,,Jason Kokrak,99,"28' 0""",6766.75,242,-16,Y2018
T97,,Sean O'Hair,67,"28' 0""",4316.42,154,1,Y2018
T97,,Brett Stegmaier,67,"28' 0""",3503.92,125,-3,Y2018
T97,,Richy Werenski,98,"28' 0""",6435.83,230,-1,Y2018
T101,,Abraham Ancer,98,"28' 1""",6931.08,247,-8,Y2018
T101,,Zac Blair,64,"28' 1""",3227.5,115,-13,Y2018
T101,,John Huh,94,"28' 1""",7677.58,273,-15,Y2018
T101,,J.T. Poston,73,"28' 1""",4349,155,-7,Y2018
T101,,Andrew Putnam,97,"28' 1""",5765.58,205,-16,Y2018
T101,,Xander Schauffele,96,"28' 1""",5305.25,189,-5,Y2018
T101,,Chris Stroud,81,"28' 1""",4830.08,172,-6,Y2018
108,,Charles Howell III,104,"28' 2""",6541.33,232,-16,Y2018
T109,,Scott Brown,102,"28' 3""",6931.08,245,-23,Y2018
T109,,Jim Furyk,50,"28' 3""",4374.92,155,-6,Y2018
T109,,Rory Sabbatini,91,"28' 3""",6211.5,220,-3,Y2018
112,,Brendan Steele,74,"28' 4""",4361.83,154,-1,Y2018
T113,,Blayne Barber,69,"28' 5""",5286.75,186,-12,Y2018
T113,,Chad Campbell,87,"28' 5""",6249.67,220,-3,Y2018
T113,,Alex Cejka,77,"28' 5""",4723.08,166,4,Y2018
T113,,Corey Conners,97,"28' 5""",6133.08,216,7,Y2018
T113,,Harris English,84,"28' 5""",5940.5,209,-7,Y2018
T113,,Johnson Wagner,75,"28' 5""",4771.17,168,-10,Y2018
T119,,Stewart Cink,87,"28' 6""",5106.42,179,1,Y2018
T119,,Brian Gay,103,"28' 6""",7350.83,258,-29,Y2018
T119,,Tyrrell Hatton,58,"28' 6""",3308.83,116,-5,Y2018
T119,,Chris Kirk,108,"28' 6""",8433.92,296,-10,Y2018
T119,,Andrew Landry,82,"28' 6""",5948.08,209,-12,Y2018
T119,,Scott Stallings,96,"28' 6""",6613.5,232,-8,Y2018
T119,,Ethan Tracy,72,"28' 6""",4446.75,156,-2,Y2018
T119,,Steve Wheatcroft,60,"28' 6""",3763.08,132,E,Y2018
T127,,Jason Dufner,71,"28' 7""",4031.67,141,-1,Y2018
T127,,Tyler Duncan,97,"28' 7""",6864.17,240,5,Y2018
T127,,D.A. Points,63,"28' 7""",4115.75,144,-9,Y2018
T127,,Nick Taylor,94,"28' 7""",5317.17,186,-12,Y2018
T127,,Gary Woodland,96,"28' 7""",5599.25,196,7,Y2018
T132,,Luke List,98,"28' 8""",4991.67,174,-5,Y2018
T132,,Louis Oosthuizen,62,"28' 8""",4242,148,-3,Y2018
T132,,Andrew Yun,51,"28' 8""",2493.67,87,-5,Y2018
T135,,Billy Horschel,86,"28' 9""",6417.83,223,-5,Y2018
T135,,Si Woo Kim,108,"28' 9""",5628.17,196,-2,Y2018
T135,,Jon Rahm,71,"28' 9""",2934.67,102,-3,Y2018
T135,,Robert Streb,78,"28' 9""",4995.33,174,2,Y2018
T135,,Bubba Watson,90,"28' 9""",4166.08,145,-5,Y2018
T140,,Billy Hurley III,70,"28' 10""",5183.25,180,10,Y2018
T140,,Matt Jones,70,"28' 10""",3603.08,125,1,Y2018
T140,,Grayson Murray,72,"28' 10""",4038.17,140,-7,Y2018
T143,,Lucas Glover,65,"28' 11""",3871.17,134,-3,Y2018
T143,,Adam Hadwin,92,"28' 11""",6107.17,211,-10,Y2018
T143,,Webb Simpson,95,"28' 11""",6283,217,-19,Y2018
T146,,Jason Day,75,"29' 0""",3274.58,113,-10,Y2018
T146,,David Lingmerth,82,"29' 0""",6431.33,222,1,Y2018
T146,,Peter Malnati,87,"29' 0""",5682.5,196,-21,Y2018
T149,,Fabián Gómez,88,"29' 1""",6654.42,229,-14,Y2018
T149,,Rod Pampling,62,"29' 1""",3749.25,129,3,Y2018
T149,,Patrick Rodgers,97,"29' 1""",6134.83,211,E,Y2018
T152,,Scott Piercy,84,"29' 2""",5956.33,204,5,Y2018
T152,,Ben Silverman,90,"29' 2""",6593.92,226,-4,Y2018
T154,,Jhonattan Vegas,92,"29' 3""",5849.58,200,E,Y2018
T154,,Nick Watney,94,"29' 3""",6380.17,218,-3,Y2018
T156,,Michael Kim,74,"29' 4""",4425.67,151,-7,Y2018
T156,,Rory McIlroy,64,"29' 4""",3635.5,124,-20,Y2018
T156,,Cameron Tringale,67,"29' 4""",4015.92,137,4,Y2018
T159,,Hunter Mahan,67,"29' 5""",4267.67,145,-7,Y2018
T159,,Adam Schenk,86,"29' 5""",5655.25,192,4,Y2018
T161,,Aaron Baddeley,84,"29' 6""",5169.5,175,-1,Y2018
T161,,Jonathan Byrd,70,"29' 6""",4215.25,143,-4,Y2018
T161,,Troy Merritt,89,"29' 6""",5752.83,195,E,Y2018
T161,,Seamus Power,86,"29' 6""",5336.75,181,-3,Y2018
T161,,Kevin Tway,110,"29' 6""",6908.08,234,-11,Y2018
T166,,Roberto Díaz,72,"29' 7""",4526.17,153,4,Y2018
T166,,Brice Garnett,99,"29' 7""",6922.58,234,3,Y2018
T168,,Ben Crane,65,"29' 8""",4156,140,-7,Y2018
T168,,Michael Thompson,62,"29' 8""",5454.33,184,-1,Y2018
T168,,Xinjun Zhang,81,"29' 8""",5401.83,182,-1,Y2018
T171,,Ryan Blaum,81,"29' 9""",6306.25,212,-6,Y2018
T171,,Tom Lovelady,87,"29' 9""",5238.83,176,-5,Y2018
T171,,Brandt Snedeker,84,"29' 9""",5921.17,199,-17,Y2018
174,,Branden Grace,67,"29' 10""",2802.67,94,-1,Y2018
175,,Derek Fathauer,84,"29' 11""",5329.83,178,-12,Y2018
176,,Matt Atkins,56,"30' 0""",3184.33,106,5,Y2018
T177,,Dominic Bozzelli,65,"30' 3""",5386.92,178,4,Y2018
T177,,Mackenzie Hughes,80,"30' 3""",5925.17,196,4,Y2018
T177,,Hudson Swafford,73,"30' 3""",4960.83,164,4,Y2018
T180,,Jonas Blixt,67,"30' 4""",4098.33,135,-8,Y2018
T180,,Bronson Burgoon,69,"30' 4""",4699.83,155,-9,Y2018
T180,,Retief Goosen,60,"30' 4""",3491.92,115,5,Y2018
T180,,Alex Noren,67,"30' 4""",4155.92,137,-17,Y2018
184,,Trey Mullinax,75,"30' 10""",4537.33,147,7,Y2018
185,,Stephan Jaeger,81,"31' 0""",5050.58,163,7,Y2018
186,,Beau Hossler,104,"31' 1""",6967.25,224,-9,Y2018
187,,Jonathan Randolph,71,"31' 6""",5605.08,178,15,Y2018
188,,Denny McCarthy,71,"31' 7""",4703.42,149,-4,Y2018
189,,Bud Cauley,55,"31' 10""",3374.33,106,-4,Y2018
190,,Bill Haas,76,"32' 1""",5842.83,182,3,Y2018
191,,Daniel Summerhays,51,"32' 8""",3072.5,94,8,Y2018
192,,Greg Chalmers,56,"33' 3""",4122.67,124,E,Y2018
193,,Martin Piller,79,"34' 6""",6457.83,187,13,Y2018
1,,Jordan Spieth,85,"21' 10""",3160.25,145,-23,Y2017
2,,Tom Hoge,54,"23' 1""",2582,112,-14,Y2017
3,,Kevin Na,86,"23' 3""",4180.42,180,-24,Y2017
4,,Rickie Fowler,78,"23' 8""",4000.08,169,-23,Y2017
5,,Justin Rose,66,"23' 10""",3262.5,137,-14,Y2017
6,,Hideki Matsuyama,83,"24' 1""",3295.5,137,-18,Y2017
7,,Branden Grace,70,"24' 5""",2710.08,111,-15,Y2017
8,,Paul Casey,94,"24' 7""",4739.83,193,-21,Y2017
9,,Justin Thomas,86,"24' 8""",3206.67,130,-17,Y2017
T10,,Wesley Bryan,95,"24' 9""",5156.33,208,-23,Y2017
T10,,Robert Garrigus,78,"24' 9""",3866.75,156,-13,Y2017
12,,Ryo Ishikawa,56,"24' 10""",2834.58,114,-2,Y2017
13,,Chris Kirk,89,"24' 11""",4484.17,180,-14,Y2017
T14,,Andres Gonzales,73,"25' 0""",3850.83,154,-30,Y2017
T14,,Ian Poulter,72,"25' 0""",4120.25,165,-16,Y2017
T16,,Sergio Garcia,65,"25' 2""",2644.5,105,-5,Y2017
T16,,Russell Knox,75,"25' 2""",4028.17,160,-6,Y2017
T16,,Scott Stallings,81,"25' 2""",4473.42,178,-11,Y2017
T16,,Kyle Stanley,104,"25' 2""",7864.67,312,-11,Y2017
T16,,Chris Stroud,67,"25' 2""",3295.67,131,-22,Y2017
T16,,Richy Werenski,81,"25' 2""",5242.92,208,-14,Y2017
T22,,Stewart Cink,93,"25' 4""",5341.83,211,-18,Y2017
T22,,Charley Hoffman,112,"25' 4""",5089.5,201,-11,Y2017
T22,,Danny Lee,93,"25' 4""",5955.33,235,-19,Y2017
T22,,Gary Woodland,94,"25' 4""",4409.67,174,-10,Y2017
T26,,Keegan Bradley,104,"25' 5""",7051.83,277,-38,Y2017
T26,,Tony Finau,106,"25' 5""",5698.17,224,-19,Y2017
28,,Kevin Kisner,105,"25' 6""",5436.25,213,-18,Y2017
T29,,Brett Drewitt,57,"25' 7""",3273.83,128,E,Y2017
T29,,Ben Martin,86,"25' 7""",6218.92,243,-2,Y2017
31,,Boo Weekley,75,"25' 8""",4521.67,176,11,Y2017
32,,Daniel Berger,91,"25' 9""",4530.08,176,-14,Y2017
T33,,Ryan Armour,63,"25' 10""",4624.92,179,-17,Y2017
T33,,Bud Cauley,92,"25' 10""",5525.42,214,-10,Y2017
T33,,Cameron Percy,71,"25' 10""",4209.25,163,-9,Y2017
T33,,Camilo Villegas,76,"25' 10""",4441.5,172,-21,Y2017
T37,,Emiliano Grillo,90,"25' 11""",4997.42,193,-2,Y2017
T37,,Grayson Murray,94,"25' 11""",4895.83,189,-1,Y2017
39,,Matt Kuchar,95,"26' 0""",5155.33,198,-26,Y2017
T40,,Graeme McDowell,56,"26' 1""",4094.08,157,-20,Y2017
T40,,Chez Reavie,98,"26' 1""",6635.08,254,-9,Y2017
42,,Seung-Yul Noh,91,"26' 2""",5842,223,-21,Y2017
T43,,Brooks Koepka,88,"26' 3""",3591.17,137,-13,Y2017
T43,,Anirban Lahiri,72,"26' 3""",4200,160,-5,Y2017
T43,,Francesco Molinari,75,"26' 3""",4072.25,155,-16,Y2017
T43,,Rory Sabbatini,71,"26' 3""",4274.75,163,-13,Y2017
T47,,Zac Blair,105,"26' 4""",6339.17,241,-16,Y2017
T47,,D.A. Points,68,"26' 4""",4852.5,184,E,Y2017
T49,,Ken Duke,77,"26' 5""",4995.33,189,-13,Y2017
T49,,Kelly Kraft,75,"26' 5""",4616.5,175,5,Y2017
T51,,Chad Campbell,97,"26' 6""",7383.58,279,-18,Y2017
T51,,Patton Kizzire,84,"26' 6""",5065.5,191,-13,Y2017
T53,,Phil Mickelson,85,"26' 7""",4684.58,176,-23,Y2017
T53,,Rod Pampling,71,"26' 7""",4385.92,165,-7,Y2017
T53,,Brian Stuard,93,"26' 7""",6121.17,230,-18,Y2017
T56,,Lucas Glover,93,"26' 8""",6313.17,237,-24,Y2017
T56,,Charles Howell III,86,"26' 8""",4240.58,159,-12,Y2017
T56,,Ryan Palmer,61,"26' 8""",3387.25,127,6,Y2017
T59,,Scott Brown,95,"26' 9""",6585.67,246,-25,Y2017
T59,,John Huh,92,"26' 9""",7019.33,262,-18,Y2017
T59,,Dustin Johnson,77,"26' 9""",3312.25,124,-21,Y2017
T59,,Ollie Schniederjans,92,"26' 9""",5566.25,208,-13,Y2017
T59,,Webb Simpson,102,"26' 9""",6264.92,234,-20,Y2017
T64,,Steven Alker,69,"26' 11""",4659.33,173,-13,Y2017
T64,,Dominic Bozzelli,69,"26' 11""",3585,133,-6,Y2017
T64,,Graham DeLaet,82,"26' 11""",5357.17,199,-16,Y2017
T64,,Russell Henley,99,"26' 11""",6133.83,228,-29,Y2017
T64,,Brandt Snedeker,53,"26' 11""",2667,99,-3,Y2017
T69,,Blayne Barber,77,"27' 0""",5699.67,211,-16,Y2017
T69,,Kevin Chappell,95,"27' 0""",4557.33,169,3,Y2017
T69,,Smylie Kaufman,76,"27' 0""",3886.5,144,4,Y2017
T69,,Troy Merritt,82,"27' 0""",5373.67,199,-4,Y2017
T69,,Ryan Moore,82,"27' 0""",5420.42,201,-2,Y2017
T69,,Trey Mullinax,88,"27' 0""",4512.5,167,-7,Y2017
T69,,Vaughn Taylor,90,"27' 0""",5994.58,222,-6,Y2017
T76,,Søren Kjeldsen,58,"27' 1""",2980.58,110,-12,Y2017
T76,,Scott Piercy,70,"27' 1""",3896.33,144,-12,Y2017
T76,,Jonathan Randolph,68,"27' 1""",3659.17,135,-6,Y2017
T76,,Kevin Streelman,90,"27' 1""",6228,230,-5,Y2017
T76,,Jhonattan Vegas,95,"27' 1""",4580.42,169,-1,Y2017
T81,,David Lingmerth,79,"27' 3""",4768.17,175,-10,Y2017
T81,,Shane Lowry,52,"27' 3""",2859.25,105,-9,Y2017
T81,,J.T. Poston,95,"27' 3""",5619.67,206,5,Y2017
T84,,Jason Day,71,"27' 4""",3280.42,120,-16,Y2017
T84,,Sam Saunders,76,"27' 4""",5116.83,187,-6,Y2017
86,,Louis Oosthuizen,69,"27' 5""",3233.92,118,1,Y2017
T87,,Brad Fritsch,56,"27' 6""",3572.25,130,-1,Y2017
T87,,Jim Furyk,54,"27' 6""",3323.92,121,-12,Y2017
T87,,Billy Hurley III,80,"27' 6""",5504.25,200,-11,Y2017
T87,,Marc Leishman,94,"27' 6""",5029.83,183,-9,Y2017
T87,,Pat Perez,93,"27' 6""",5167,188,-7,Y2017
T92,,Rafa Cabrera Bello,63,"27' 7""",3250.5,118,E,Y2017
T92,,Seamus Power,86,"27' 7""",5051,183,-15,Y2017
T94,,Matt Every,76,"27' 8""",4392.5,159,-9,Y2017
T94,,David Hearn,93,"27' 8""",5782.5,209,-10,Y2017
T94,,Sung Kang,104,"27' 8""",6453.75,233,-16,Y2017
T94,,Brendan Steele,89,"27' 8""",5169.67,187,-4,Y2017
T94,,Nick Taylor,97,"27' 8""",6382.17,231,E,Y2017
99,,Jon Rahm,90,"27' 9""",4021.25,145,-7,Y2017
T100,,Ricky Barnes,100,"27' 10""",6343.67,228,-2,Y2017
T100,,Ryan Brehm,83,"27' 10""",4697.33,169,-10,Y2017
T100,,Bryson DeChambeau,91,"27' 10""",5517.5,198,-7,Y2017
T100,,Luke Donald,50,"27' 10""",3253.83,117,-15,Y2017
T100,,Whee Kim,74,"27' 10""",4761.5,171,-10,Y2017
T100,,Martin Laird,83,"27' 10""",5866.08,211,-18,Y2017
T100,,C.T. Pan,88,"27' 10""",6457.08,232,1,Y2017
T100,,Bubba Watson,71,"27' 10""",3344.42,120,-6,Y2017
T108,,Jonas Blixt,74,"27' 11""",4527.17,162,-13,Y2017
T108,,Jason Bohn,75,"27' 11""",4830.92,173,-6,Y2017
T108,,K.J. Choi,72,"27' 11""",4489.5,161,-5,Y2017
T108,,Michael Kim,94,"27' 11""",6535.83,234,-3,Y2017
T112,,Jason Dufner,89,"28' 0""",5123.75,183,-10,Y2017
T112,,James Hahn,96,"28' 0""",6603.58,236,-6,Y2017
T112,,J.B. Holmes,83,"28' 0""",3410.92,122,-3,Y2017
T112,,Mark Hubbard,81,"28' 0""",4978.58,178,-2,Y2017
T112,,Zach Johnson,81,"28' 0""",4960.17,177,-13,Y2017
T112,,Spencer Levin,89,"28' 0""",5762.33,206,-7,Y2017
T112,,Nicholas Lindheim,58,"28' 0""",3446,123,1,Y2017
T112,,Carl Pettersson,63,"28' 0""",4148.42,148,-2,Y2017
T112,,Charl Schwartzel,63,"28' 0""",2995,107,-3,Y2017
T112,,Robert Streb,98,"28' 0""",6781.33,242,-22,Y2017
T122,,Aaron Baddeley,61,"28' 1""",3704.42,132,-8,Y2017
T122,,Cameron Smith,86,"28' 1""",5021.33,179,-12,Y2017
T122,,J.J. Spaun,92,"28' 1""",6102.5,217,-4,Y2017
T122,,Tyrone Van Aswegen,105,"28' 1""",6990.33,249,-10,Y2017
T122,,Nick Watney,75,"28' 1""",4776,170,4,Y2017
T127,,Fabián Gómez,61,"28' 2""",4850,172,-9,Y2017
T127,,Geoff Ogilvy,80,"28' 2""",5460.92,194,-3,Y2017
T127,,Brett Stegmaier,78,"28' 2""",4784.42,170,-9,Y2017
T130,,Brian Gay,82,"28' 3""",6150.33,218,-14,Y2017
T130,,Shawn Stefani,72,"28' 3""",5260.83,186,-9,Y2017
132,,Miguel Angel Carballo,63,"28' 4""",3964,140,3,Y2017
T133,,Patrick Cantlay,52,"28' 5""",3640.75,128,-5,Y2017
T133,,Retief Goosen,52,"28' 5""",3952.25,139,-2,Y2017
T133,,Rick Lamb,54,"28' 5""",2984.58,105,1,Y2017
T133,,Peter Malnati,91,"28' 5""",6000.42,211,-16,Y2017
T137,,Adam Hadwin,98,"28' 6""",5976.42,210,-13,Y2017
T137,,Billy Horschel,88,"28' 6""",6386.17,224,-14,Y2017
T137,,Jamie Lovemark,98,"28' 6""",5476.92,192,-5,Y2017
T137,,Johnson Wagner,71,"28' 6""",5411.33,190,9,Y2017
141,,Steve Wheatcroft,51,"28' 7""",3314.75,116,-3,Y2017
T142,,Brian Harman,104,"28' 8""",6155.67,215,-18,Y2017
T142,,Xander Schauffele,96,"28' 8""",5509.92,192,-2,Y2017
T144,,Mark Anderson,54,"28' 10""",3225,112,-10,Y2017
T144,,Brian Campbell,55,"28' 10""",3544.08,123,-4,Y2017
T144,,Sean O'Hair,84,"28' 10""",5451.17,189,E,Y2017
T144,,Patrick Reed,107,"28' 10""",5564.83,193,2,Y2017
T144,,Tim Wilkinson,64,"28' 10""",4118.92,143,4,Y2017
149,,Roberto Castro,70,"28' 11""",4224.25,146,-2,Y2017
T150,,Derek Fathauer,81,"29' 0""",4642.92,160,3,Y2017
T150,,Bill Haas,92,"29' 0""",5796.25,200,-4,Y2017
T150,,Luke List,102,"29' 0""",6474.42,223,2,Y2017
T153,,Jim Herman,77,"29' 1""",5926.25,204,8,Y2017
T153,,Jason Kokrak,95,"29' 1""",6398.75,220,-11,Y2017
T155,,Ryan Blaum,100,"29' 2""",6995.75,240,E,Y2017
T155,,Harold Varner III,101,"29' 2""",7021.58,241,-5,Y2017
T157,,Ben Crane,86,"29' 3""",6401.5,219,-6,Y2017
T157,,Sebastián Muñoz,51,"29' 3""",3249.17,111,-4,Y2017
T159,,Ernie Els,52,"29' 4""",2958.83,101,-1,Y2017
T159,,Rory McIlroy,51,"29' 4""",2349.42,80,-5,Y2017
T159,,Hudson Swafford,94,"29' 4""",5657.08,193,1,Y2017
162,,Chad Collins,66,"29' 5""",5648.67,192,E,Y2017
163,,Julián Etulain,68,"29' 6""",4659.17,158,-6,Y2017
T164,,Matt Jones,64,"29' 7""",4136,140,-6,Y2017
T164,,Jimmy Walker,68,"29' 7""",3048.92,103,-6,Y2017
T166,,Adam Scott,58,"29' 8""",3383.75,114,-2,Y2017
T166,,Daniel Summerhays,100,"29' 8""",6941,234,-4,Y2017
168,,William McGirt,89,"29' 9""",5647.25,190,-5,Y2017
T169,,Kyle Reifers,96,"29' 10""",6497.17,218,2,Y2017
T169,,Cameron Tringale,89,"29' 10""",5906.25,198,-6,Y2017
T171,,Alex Cejka,85,"29' 11""",5589.92,187,3,Y2017
T171,,J.J. Henry,92,"29' 11""",6813.67,228,-4,Y2017
173,,Greg Chalmers,75,"30' 1""",5782.5,192,-2,Y2017
174,,Steven Bowditch,59,"30' 2""",3413,113,2,Y2017
175,,Cody Gribble,79,"30' 3""",6024.75,199,-5,Y2017
T176,,Gonzalo Fernandez-Castaño,63,"30' 4""",4159.17,137,E,Y2017
T176,,Tag Ridings,67,"30' 4""",4304.75,142,-2,Y2017
178,,Martin Flores,88,"30' 5""",4834.83,159,2,Y2017
179,,Byeong Hun An,77,"30' 6""",4660.33,153,-1,Y2017
T180,,Bryce Molder,74,"30' 7""",6079.17,199,12,Y2017
T180,,Patrick Rodgers,76,"30' 7""",5448.42,178,6,Y2017
182,,Brandon Hagy,85,"30' 9""",5878.67,191,-6,Y2017
183,,Michael Thompson,60,"30' 11""",3930.17,127,-12,Y2017
184,,Morgan Hoffmann,92,"31' 8""",7369.5,233,3,Y2017
T185,,Harris English,84,"31' 9""",5588,176,E,Y2017
T185,,Mackenzie Hughes,106,"31' 9""",7800.92,246,5,Y2017
187,,Andrew Loupe,55,"32' 1""",3404,106,3,Y2017
T188,,Si Woo Kim,80,"32' 2""",3919.5,122,11,Y2017
T188,,Kevin Tway,96,"32' 2""",6044.08,188,6,Y2017
190,,Hunter Mahan,73,"33' 9""",5911.67,175,17,Y2017
1,1,Robert Garrigus,69,"23' 8""",3379.83,143,-12,Y2016
T2,T2,Danny Lee,93,"24' 0""",4608.58,192,-24,Y2016
T2,T2,Tim Wilkinson,72,"24' 0""",3795.92,158,-10,Y2016
4,4,Tyrone Van Aswegen,105,"24' 1""",6137.33,255,-21,Y2016
T5,T5,Dustin Johnson,87,"24' 2""",3024.58,125,-19,Y2016
T5,T5,Ryan Moore,86,"24' 2""",4547,188,-29,Y2016
T7,T7,Daniel Berger,92,"24' 4""",4301.33,177,-17,Y2016
T7,T7,Greg Owen,85,"24' 4""",4654.58,191,-19,Y2016
9,9,Gary Woodland,95,"24' 5""",5178,212,-14,Y2016
10,10,Lucas Glover,75,"24' 6""",4676.08,191,-12,Y2016
11,11,Kevin Na,96,"24' 8""",4840.33,196,-25,Y2016
T12,T12,Rory McIlroy,69,"24' 10""",2560.17,103,-18,Y2016
T12,T12,Kyle Stanley,92,"24' 10""",6178.08,249,-31,Y2016
T12,T12,Justin Thomas,99,"24' 10""",4289.08,173,-14,Y2016
15,15,Webb Simpson,70,"24' 11""",4304.08,173,-26,Y2016
16,16,Brendan Steele,88,"25' 0""",5120.17,205,-16,Y2016
T17,T17,Ricky Barnes,97,"25' 2""",5561.33,221,-35,Y2016
T17,T17,Jason Kokrak,89,"25' 2""",4812.75,191,-26,Y2016
T17,T17,Phil Mickelson,75,"25' 2""",3300.33,131,-15,Y2016
T20,T20,Brooks Koepka,75,"25' 4""",3620.42,143,-14,Y2016
T20,T20,Shawn Stefani,91,"25' 4""",5443.08,215,-7,Y2016
T20,T20,Michael Thompson,71,"25' 4""",4275.58,169,-19,Y2016
23,23,Emiliano Grillo,93,"25' 5""",5363.75,211,-12,Y2016
T24,T24,Graham DeLaet,70,"25' 6""",4442,174,-8,Y2016
T24,T24,George McNeill,51,"25' 6""",3745.67,147,-9,Y2016
T24,T24,Hudson Swafford,104,"25' 6""",6889.58,270,-7,Y2016
T24,T24,Bubba Watson,72,"25' 6""",2623.33,103,-7,Y2016
T28,T28,Jim Furyk,52,"25' 7""",3198.83,125,-10,Y2016
T28,T28,John Huh,86,"25' 7""",6598,258,-29,Y2016
T28,T28,Kelly Kraft,63,"25' 7""",3482,136,-16,Y2016
T31,T31,Derek Fathauer,94,"25' 8""",4618,180,-15,Y2016
T31,T31,J.B. Holmes,77,"25' 8""",2853.42,111,-11,Y2016
T31,T31,Dicky Pride,55,"25' 8""",3333.17,130,-7,Y2016
T31,T31,Chez Reavie,90,"25' 8""",5693.67,222,-24,Y2016
T35,T35,Keegan Bradley,82,"25' 9""",5276.17,205,-7,Y2016
T35,T35,Jerry Kelly,76,"25' 9""",4989.42,194,-7,Y2016
T35,T35,Adam Scott,79,"25' 9""",3791.17,147,-20,Y2016
T38,T38,Abraham Ancer,51,"25' 10""",2711.83,105,-1,Y2016
T38,T38,David Hearn,95,"25' 10""",5612.42,217,-13,Y2016
T40,T40,Jason Dufner,105,"25' 11""",5967.92,230,-21,Y2016
T40,T40,Branden Grace,63,"25' 11""",2773.08,107,-13,Y2016
T40,T40,Troy Merritt,77,"25' 11""",4479.75,173,-17,Y2016
T40,T40,Robert Streb,87,"25' 11""",4385.92,169,-3,Y2016
44,44,Tom Hoge,81,"26' 0""",4600.92,177,-18,Y2016
T45,T45,Ken Duke,58,"26' 1""",3258.08,125,7,Y2016
T45,T45,Hideki Matsuyama,76,"26' 1""",3702.5,142,-18,Y2016
T45,T45,Scott Stallings,74,"26' 1""",4852.83,186,-3,Y2016
T48,T48,Rickie Fowler,80,"26' 2""",3745.75,143,-6,Y2016
T48,T48,Smylie Kaufman,91,"26' 2""",3875.75,148,-1,Y2016
T48,T48,Marc Leishman,89,"26' 2""",4761.92,182,-18,Y2016
T48,T48,Graeme McDowell,63,"26' 2""",3478.83,133,-10,Y2016
T48,T48,Ryan Palmer,86,"26' 2""",5518.33,211,-6,Y2016
T48,T48,Kevin Streelman,82,"26' 2""",4549.5,174,-16,Y2016
T54,T54,Paul Casey,77,"26' 3""",3651.33,139,-9,Y2016
T54,T54,Jon Curran,99,"26' 3""",6456.25,246,-26,Y2016
T54,T54,Billy Hurley III,66,"26' 3""",4250.42,162,-12,Y2016
57,57,Retief Goosen,55,"26' 4""",3419.42,130,-9,Y2016
58,58,Ángel Cabrera,62,"26' 5""",3326.58,126,-8,Y2016
59,59,Thomas Aiken,70,"26' 6""",4453,168,-12,Y2016
T60,T60,Jason Gore,78,"26' 7""",4597.17,173,5,Y2016
T60,T60,Vijay Singh,72,"26' 7""",3856.17,145,E,Y2016
62,62,Fabián Gómez,82,"26' 8""",4935.33,185,-15,Y2016
T63,T63,Aaron Baddeley,93,"26' 9""",5966.75,223,-13,Y2016
T63,T63,Zach Johnson,90,"26' 9""",5480,205,-8,Y2016
T63,T63,Kevin Kisner,97,"26' 9""",5449.75,204,-15,Y2016
T63,T63,Spencer Levin,104,"26' 9""",5747,215,-22,Y2016
T63,T63,Rod Pampling,54,"26' 9""",2941.83,110,12,Y2016
T63,T63,Patrick Reed,105,"26' 9""",4281.75,160,-8,Y2016
T63,T63,Willy Wilcox,67,"26' 9""",4015.25,150,-7,Y2016
T70,T70,Roberto Castro,97,"26' 10""",7131.33,266,-6,Y2016
T70,T70,Jason Day,76,"26' 10""",2631,98,-4,Y2016
T70,T70,Rhein Gibson,58,"26' 10""",2840.5,106,-2,Y2016
T70,T70,David Lingmerth,84,"26' 10""",4348.17,162,-9,Y2016
T70,T70,Will MacKenzie,84,"26' 10""",4856.42,181,-8,Y2016
T70,T70,David Toms,62,"26' 10""",4019.83,150,-3,Y2016
T70,T70,Johnson Wagner,86,"26' 10""",5643.42,210,-18,Y2016
T77,T77,Jason Bohn,67,"26' 11""",4307.17,160,-3,Y2016
T77,T77,Kevin Chappell,93,"26' 11""",5941.42,221,-14,Y2016
T77,T77,Ben Martin,92,"26' 11""",6401.25,238,-10,Y2016
T77,T77,Scott Piercy,87,"26' 11""",4278.25,159,6,Y2016
T81,T81,Chad Campbell,90,"27' 0""",7150.5,265,-4,Y2016
T81,T81,Francesco Molinari,64,"27' 0""",4477.17,166,-4,Y2016
T83,T83,Steve Marino,72,"27' 1""",4008.25,148,-11,Y2016
T83,T83,Henrik Norlander,71,"27' 1""",4307.67,159,-7,Y2016
T83,T83,Rob Oppenheim,67,"27' 1""",3713.83,137,-5,Y2016
T86,T86,Luke Donald,81,"27' 2""",4587.75,169,-3,Y2016
T86,T86,Billy Horschel,73,"27' 2""",4426.5,163,1,Y2016
T86,T86,Patton Kizzire,93,"27' 2""",5859.33,216,-26,Y2016
T86,T86,Rory Sabbatini,57,"27' 2""",2851.42,105,E,Y2016
T86,T86,Brett Stegmaier,87,"27' 2""",5893.67,217,2,Y2016
T86,T86,Jimmy Walker,85,"27' 2""",3748.75,138,-7,Y2016
T92,T92,Andres Gonzales,80,"27' 3""",4691.17,172,-16,Y2016
T92,T92,Freddie Jacobson,86,"27' 3""",5147.33,189,-5,Y2016
T92,T92,Anirban Lahiri,72,"27' 3""",3601,132,-8,Y2016
T92,T92,Louis Oosthuizen,63,"27' 3""",3242.25,119,-3,Y2016
T96,T96,Russell Knox,92,"27' 4""",4506.17,165,-12,Y2016
T96,T96,Andrew Loupe,75,"27' 4""",2923.75,107,-5,Y2016
T96,T96,Chris Stroud,82,"27' 4""",5270.17,193,-13,Y2016
99,99,Jim Herman,93,"27' 5""",5754.08,210,-8,Y2016
100,100,Chesson Hadley,81,"27' 6""",4730.33,172,E,Y2016
T101,T101,Jeff Overton,69,"27' 8""",4315.92,156,1,Y2016
T101,T101,Jordan Spieth,80,"27' 8""",3706,134,-7,Y2016
T103,T103,K.J. Choi,73,"27' 9""",5637.83,203,-16,Y2016
T103,T103,Harris English,97,"27' 9""",5859.75,211,E,Y2016
T103,T103,Michael Kim,100,"27' 9""",6663.75,240,-6,Y2016
T106,T106,Luke Guthrie,57,"27' 10""",3642.17,131,-9,Y2016
T106,T106,Charley Hoffman,91,"27' 10""",4372.42,157,-4,Y2016
T106,T106,Mark Hubbard,101,"27' 10""",6588.83,237,-3,Y2016
T106,T106,Whee Kim,82,"27' 10""",5961.58,214,-11,Y2016
T110,T110,Russell Henley,76,"27' 11""",5477.75,196,-16,Y2016
T110,T110,D.A. Points,55,"27' 11""",3209.08,115,2,Y2016
T110,T110,Justin Rose,65,"27' 11""",2736.83,98,4,Y2016
T110,T110,Vaughn Taylor,72,"27' 11""",5102.08,183,-12,Y2016
T114,T114,Stuart Appleby,71,"28' 0""",5436.67,194,-12,Y2016
T114,T114,Blayne Barber,84,"28' 0""",6027.75,215,-2,Y2016
T114,T114,Ernie Els,66,"28' 0""",3896,139,-10,Y2016
T114,T114,Sung Kang,89,"28' 0""",5959.75,213,-5,Y2016
T114,T114,Colt Knost,90,"28' 0""",5882.5,210,11,Y2016
T114,T114,Camilo Villegas,83,"28' 0""",5314.17,190,-5,Y2016
T120,T120,Robert Allenby,51,"28' 1""",2724.92,97,7,Y2016
T120,T120,Chad Collins,73,"28' 1""",6011.5,214,-8,Y2016
T122,T122,Alex Cejka,71,"28' 2""",3717.33,132,-4,Y2016
T122,T122,Matt Kuchar,100,"28' 2""",6787.67,241,-20,Y2016
T122,T122,Boo Weekley,83,"28' 2""",5654.92,201,-3,Y2016
T125,T125,Jonas Blixt,79,"28' 3""",5339.25,189,-13,Y2016
T125,T125,Bronson Burgoon,83,"28' 3""",5172.5,183,-6,Y2016
T125,T125,Charles Howell III,91,"28' 3""",5108.5,181,3,Y2016
T128,T128,Scott Brown,88,"28' 4""",5950.58,210,-10,Y2016
T128,T128,Martin Piller,59,"28' 4""",3457.83,122,4,Y2016
T128,T128,Cameron Tringale,81,"28' 4""",4897.42,173,-6,Y2016
T128,T128,Mark Wilson,66,"28' 4""",5295.58,187,-2,Y2016
132,132,Nick Taylor,83,"28' 5""",4687.08,165,-15,Y2016
T133,T133,James Hahn,85,"28' 6""",4957.75,174,-4,Y2016
T133,T133,Jhonattan Vegas,97,"28' 6""",5907.33,207,-12,Y2016
T135,T135,Sergio Garcia,54,"28' 7""",2232.33,78,E,Y2016
T135,T135,William McGirt,98,"28' 7""",6803.58,238,-7,Y2016
T135,T135,Sam Saunders,69,"28' 7""",4349.83,152,1,Y2016
T138,T138,Seung-Yul Noh,85,"28' 8""",5841.42,204,2,Y2016
T138,T138,Scott Pinckney,87,"28' 8""",6221.42,217,-2,Y2016
T138,T138,Brian Stuard,66,"28' 8""",4727.33,165,1,Y2016
141,141,Derek Ernst,59,"28' 9""",3194.92,111,3,Y2016
T142,T142,Andrew Landry,53,"28' 10""",3316.42,115,-13,Y2016
T142,T142,Charl Schwartzel,73,"28' 10""",3890.67,135,4,Y2016
T142,T142,Steve Stricker,53,"28' 10""",3951.83,137,-10,Y2016
145,145,Tyler Aldridge,83,"28' 11""",5140.17,178,1,Y2016
T146,T146,Steven Bowditch,71,"29' 0""",3507.58,121,-9,Y2016
T146,T146,Brendon de Jonge,83,"29' 0""",5313.33,183,-5,Y2016
T146,T146,Matt Jones,83,"29' 0""",4266.5,147,6,Y2016
T146,T146,Brandt Snedeker,93,"29' 0""",5221.08,180,-16,Y2016
150,150,Ben Crane,80,"29' 1""",6340.42,218,-7,Y2016
T151,T151,Bill Haas,86,"29' 2""",4866.17,167,-8,Y2016
T151,T151,Adam Hadwin,93,"29' 2""",7472.08,256,-9,Y2016
T151,T151,Hiroshi Iwata,85,"29' 2""",5957.58,204,-6,Y2016
T154,T154,Stewart Cink,61,"29' 3""",4096.42,140,5,Y2016
T154,T154,Brian Harman,104,"29' 3""",6940.5,237,-3,Y2016
T154,T154,Martin Laird,82,"29' 3""",5739.83,196,E,Y2016
157,157,Tony Finau,95,"29' 4""",5273.42,180,1,Y2016
T158,T158,Carlos Ortiz,79,"29' 5""",4622.08,157,14,Y2016
T158,T158,Harold Varner III,92,"29' 5""",6119.75,208,-4,Y2016
T160,T160,Bryce Molder,80,"29' 6""",5433.17,184,-8,Y2016
T160,T160,Wes Roach,59,"29' 6""",3687.33,125,8,Y2016
162,162,Morgan Hoffmann,71,"29' 7""",4815.42,163,-3,Y2016
163,163,D.H. Lee,61,"29' 8""",3557.83,120,-5,Y2016
T164,T164,Si Woo Kim,113,"29' 10""",7925.58,266,2,Y2016
T164,T164,Geoff Ogilvy,63,"29' 10""",4388.33,147,7,Y2016
166,166,Daniel Summerhays,99,"29' 11""",6105.25,204,-15,Y2016
167,167,Dawie van der Walt,72,"30' 0""",4259.5,142,E,Y2016
T168,T168,John Senden,88,"30' 1""",6914.83,230,-2,Y2016
T168,T168,Steve Wheatcroft,85,"30' 1""",5294,176,-15,Y2016
T170,T170,J.J. Henry,68,"30' 2""",4948.58,164,-3,Y2016
T170,T170,Chris Kirk,90,"30' 2""",6006.75,199,-1,Y2016
T170,T170,Peter Malnati,85,"30' 2""",5549.33,184,1,Y2016
T170,T170,Patrick Rodgers,89,"30' 2""",4736,157,8,Y2016
174,174,Erik Compton,65,"30' 3""",3725,123,E,Y2016
175,175,Kyle Reifers,115,"30' 4""",8822.83,291,-16,Y2016
176,176,Padraig Harrington,54,"30' 5""",3438.42,113,5,Y2016
177,177,Luke List,79,"30' 6""",5338.17,175,5,Y2016
178,178,Shane Lowry,57,"30' 9""",2520.42,82,-4,Y2016
179,179,Zac Blair,99,"31' 4""",6920.75,221,-8,Y2016
180,180,Cameron Smith,73,"31' 5""",3897.17,124,12,Y2016
181,181,Scott Langley,65,"31' 8""",4432.25,140,-5,Y2016
182,182,Sean O'Hair,89,"31' 9""",6896.5,217,3,Y2016
183,183,Hunter Mahan,61,"32' 0""",4314.67,135,7,Y2016
184,184,Jamie Lovemark,91,"33' 1""",7110,215,1,Y2016
185,185,Brendon Todd,66,"34' 0""",4558.58,134,7,Y2016
1,1,Jason Gore,76,"23' 1""",3734.17,162,-9,Y2015
2,2,Ben Martin,93,"23' 4""",5618.42,241,-28,Y2015
3,3,Paul Casey,87,"23' 6""",3905.5,166,-11,Y2015
4,4,Tyrone Van Aswegen,58,"23' 8""",3214.25,136,-7,Y2015
5,5,Byron Smith,59,"23' 9""",2823.5,119,-2,Y2015
6,6,Keegan Bradley,87,"23' 10""",4297.42,180,-20,Y2015
T7,T7,Whee Kim,71,"24' 0""",3934.33,164,-19,Y2015
T7,T7,Webb Simpson,81,"24' 0""",3936.42,164,-13,Y2015
T7,T7,Henrik Stenson,63,"24' 0""",2714.58,113,-13,Y2015
T10,T10,Spencer Levin,99,"24' 1""",5996.58,249,-28,Y2015
T10,T10,Ian Poulter,68,"24' 1""",3690.58,153,-18,Y2015
12,12,Marc Leishman,74,"24' 2""",3380.33,140,-16,Y2015
13,13,Tom Hoge,83,"24' 5""",4274.17,175,-8,Y2015
T14,T14,Luke Donald,71,"24' 7""",3342.17,136,-19,Y2015
T14,T14,Russell Knox,96,"24' 7""",6397,260,-22,Y2015
T14,T14,John Peterson,84,"24' 7""",5608.42,228,-13,Y2015
T17,T17,David Hearn,97,"24' 10""",5858.83,236,-17,Y2015
T17,T17,Justin Thomas,106,"24' 10""",6160.08,248,-8,Y2015
19,19,Ryan Moore,81,"24' 11""",4538,182,-9,Y2015
20,20,Hideki Matsuyama,95,"25' 0""",4670.25,187,-8,Y2015
21,21,Zach Johnson,90,"25' 1""",5535.08,221,-26,Y2015
22,22,Chez Reavie,56,"25' 2""",4004.42,159,-7,Y2015
T23,T23,Danny Lee,120,"25' 4""",7417.33,293,-24,Y2015
T23,T23,Brendan Steele,88,"25' 4""",5502.67,217,-15,Y2015
T23,T23,Kevin Streelman,95,"25' 4""",5146.42,203,-10,Y2015
26,26,Fabián Gómez,83,"25' 6""",4738.5,186,-17,Y2015
T27,T27,Alex Cejka,94,"25' 7""",5322.08,208,-15,Y2015
T27,T27,Francesco Molinari,56,"25' 7""",3530.42,138,-3,Y2015
T27,T27,Rory Sabbatini,81,"25' 7""",4035.75,158,-16,Y2015
T30,T30,Blayne Barber,76,"25' 8""",4463.58,174,-14,Y2015
T30,T30,Lucas Glover,79,"25' 8""",5560.75,217,-3,Y2015
T30,T30,William McGirt,103,"25' 8""",7315.42,285,-20,Y2015
T30,T30,Bo Van Pelt,81,"25' 8""",4670.33,182,-17,Y2015
34,34,Jordan Spieth,91,"25' 9""",4348.58,169,-20,Y2015
35,35,Scott Piercy,90,"25' 10""",5763.08,223,-12,Y2015
36,36,George McNeill,93,"25' 11""",6657.92,257,-14,Y2015
37,37,Brian Stuard,97,"26' 0""",6341.67,244,-13,Y2015
T38,T38,Jason Bohn,95,"26' 1""",6541.58,251,-21,Y2015
T38,T38,Jim Herman,88,"26' 1""",6212.92,238,-19,Y2015
T38,T38,Willy Wilcox,58,"26' 1""",3207.5,123,-8,Y2015
T41,T41,Billy Horschel,99,"26' 2""",5157.58,197,-13,Y2015
T41,T41,Shawn Stefani,94,"26' 2""",6651.08,254,-10,Y2015
T43,T43,Billy Hurley III,83,"26' 3""",4853.75,185,-10,Y2015
T43,T43,David Lingmerth,90,"26' 3""",4744,181,-12,Y2015
T43,T43,Michael Putnam,87,"26' 3""",5376.67,205,-5,Y2015
T43,T43,Sam Saunders,83,"26' 3""",4594.17,175,-4,Y2015
T47,T47,Jim Furyk,71,"26' 4""",4029.67,153,-7,Y2015
T47,T47,Boo Weekley,79,"26' 4""",4694.42,178,-11,Y2015
T49,T49,Steven Alker,62,"26' 5""",4463,169,-20,Y2015
T49,T49,Graham DeLaet,65,"26' 5""",4467.33,169,-10,Y2015
T49,T49,Charley Hoffman,97,"26' 5""",4774.33,181,-21,Y2015
T49,T49,Ryo Ishikawa,90,"26' 5""",5314.25,201,-11,Y2015
T49,T49,Jason Kokrak,88,"26' 5""",5015.92,190,-9,Y2015
T49,T49,Jimmy Walker,89,"26' 5""",3460.92,131,-12,Y2015
T55,T55,Chad Collins,79,"26' 6""",4474.67,169,-5,Y2015
T55,T55,Daniel Summerhays,101,"26' 6""",6627.08,250,-21,Y2015
T57,T57,Jason Day,75,"26' 7""",2683.67,101,-10,Y2015
T57,T57,Harris English,105,"26' 7""",6706.58,252,-20,Y2015
T57,T57,Pat Perez,96,"26' 7""",6611.42,249,-15,Y2015
T57,T57,Chris Stroud,84,"26' 7""",4921.92,185,-14,Y2015
T61,T61,Kevin Chappell,86,"26' 8""",5842.92,219,-7,Y2015
T61,T61,Rickie Fowler,76,"26' 8""",3968.33,149,-7,Y2015
T61,T61,Bubba Watson,71,"26' 8""",2670,100,-19,Y2015
T64,T64,Scott Brown,97,"26' 9""",5459.67,204,-6,Y2015
T64,T64,Justin Rose,69,"26' 9""",3155.5,118,-7,Y2015
T66,T66,Steven Bowditch,103,"26' 10""",5319,198,-3,Y2015
T66,T66,Jason Dufner,76,"26' 10""",3329.25,124,-1,Y2015
T66,T66,Ernie Els,57,"26' 10""",2576.33,96,E,Y2015
T66,T66,Cameron Percy,72,"26' 10""",4190.5,156,-13,Y2015
T66,T66,Carl Pettersson,106,"26' 10""",6862.67,256,-15,Y2015
T71,T71,Gonzalo Fernandez-Castaño,81,"26' 11""",4973,185,-11,Y2015
T71,T71,Chris Kirk,76,"26' 11""",4039.75,150,-15,Y2015
T71,T71,Ryan Palmer,80,"26' 11""",3522.67,131,-6,Y2015
T71,T71,Jim Renner,68,"26' 11""",4442.67,165,-3,Y2015
T75,T75,Brice Garnett,81,"27' 0""",5155.33,191,-11,Y2015
T75,T75,Kevin Kisner,104,"27' 0""",6974.58,258,-13,Y2015
T75,T75,Patrick Reed,103,"27' 0""",4243.08,157,-17,Y2015
T75,T75,Robert Streb,110,"27' 0""",6187.5,229,-25,Y2015
79,79,Phil Mickelson,70,"27' 1""",3497.33,129,-7,Y2015
T80,T80,Robert Allenby,63,"27' 2""",3771.5,139,4,Y2015
T80,T80,Stewart Cink,77,"27' 2""",5656,208,-29,Y2015
T80,T80,Russell Henley,87,"27' 2""",4858.33,179,-23,Y2015
T80,T80,Louis Oosthuizen,68,"27' 2""",3613.42,133,-8,Y2015
T80,T80,Vijay Singh,78,"27' 2""",5103.08,188,-3,Y2015
T80,T80,Brendon Todd,96,"27' 2""",5243.58,193,-11,Y2015
T86,T86,Tony Finau,106,"27' 3""",6052.25,222,-32,Y2015
T86,T86,Jerry Kelly,79,"27' 3""",5445.08,200,-7,Y2015
T86,T86,Troy Merritt,91,"27' 3""",5829.83,214,-24,Y2015
T86,T86,David Toms,62,"27' 3""",4556.67,167,-8,Y2015
T90,T90,Bryce Molder,91,"27' 4""",6122.83,224,-26,Y2015
T90,T90,Greg Owen,58,"27' 4""",3175.08,116,-1,Y2015
T92,T92,James Hahn,94,"27' 5""",5981.75,218,-15,Y2015
T92,T92,Carlos Ortiz,100,"27' 5""",5972.75,218,10,Y2015
T92,T92,Nicholas Thompson,90,"27' 5""",6196.83,226,3,Y2015
T95,T95,Daniel Berger,97,"27' 6""",6487.25,236,-13,Y2015
T95,T95,K.J. Choi,66,"27' 6""",4344.17,158,-19,Y2015
T95,T95,Brian Harman,90,"27' 6""",5962,217,-15,Y2015
T95,T95,John Merrick,78,"27' 6""",4644.25,169,-9,Y2015
T95,T95,Scott Stallings,60,"27' 6""",3380,123,3,Y2015
T95,T95,Camilo Villegas,83,"27' 6""",5850.92,213,-25,Y2015
T101,T101,Dustin Johnson,75,"27' 7""",3146.25,114,-4,Y2015
T101,T101,Brooks Koepka,84,"27' 7""",4683.08,170,-13,Y2015
T101,T101,Sung Joon Park,79,"27' 7""",4794.42,174,E,Y2015
T101,T101,Andrew Svoboda,80,"27' 7""",5409.42,196,-8,Y2015
T105,T105,Padraig Harrington,60,"27' 8""",3269.17,118,5,Y2015
T105,T105,Mark Hubbard,79,"27' 8""",5141.25,186,-5,Y2015
T105,T105,Colt Knost,90,"27' 8""",5970.67,216,-15,Y2015
T105,T105,Charl Schwartzel,67,"27' 8""",2955.92,107,-5,Y2015
T105,T105,Nick Watney,91,"27' 8""",6244.08,226,-10,Y2015
T105,T105,Lee Westwood,56,"27' 8""",2074.83,75,-2,Y2015
T105,T105,Tim Wilkinson,73,"27' 8""",4503.83,163,-1,Y2015
112,112,Roberto Castro,54,"27' 9""",3049.67,110,-2,Y2015
113,113,Jon Curran,83,"27' 10""",5170.75,186,-22,Y2015
T114,T114,Sergio Garcia,59,"27' 11""",2287.67,82,-6,Y2015
T114,T114,Luke Guthrie,84,"27' 11""",5112.83,183,-12,Y2015
T114,T114,Charles Howell III,105,"27' 11""",6525.42,234,1,Y2015
T114,T114,Seung-Yul Noh,65,"27' 11""",4017.75,144,2,Y2015
T118,T118,Chad Campbell,97,"28' 0""",8460.5,302,-15,Y2015
T118,T118,Adam Scott,51,"28' 0""",2239.92,80,-8,Y2015
120,120,Davis Love III,51,"28' 1""",3313.17,118,-5,Y2015
T121,T121,Jonas Blixt,78,"28' 2""",3965.75,141,-14,Y2015
T121,T121,Chesson Hadley,101,"28' 2""",5946.75,211,-15,Y2015
T123,T123,Bill Haas,89,"28' 3""",4944.08,175,E,Y2015
T123,T123,John Huh,102,"28' 3""",7969,282,-10,Y2015
T125,T125,Erik Compton,86,"28' 4""",5191.42,183,-12,Y2015
T125,T125,Ben Crane,62,"28' 4""",4277.42,151,2,Y2015
T125,T125,Ken Duke,93,"28' 4""",6373.83,225,3,Y2015
T125,T125,Scott Langley,94,"28' 4""",6412.5,226,-10,Y2015
T125,T125,Alex Prugh,84,"28' 4""",5771.67,204,-19,Y2015
T125,T125,Brandt Snedeker,98,"28' 4""",5692.58,201,-13,Y2015
T125,T125,Nick Taylor,91,"28' 4""",5177.42,183,-6,Y2015
T125,T125,Michael Thompson,83,"28' 4""",6381.5,225,-11,Y2015
133,133,Jonathan Byrd,69,"28' 5""",4268,150,-11,Y2015
T134,T134,Charlie Beljan,76,"28' 6""",4162.58,146,7,Y2015
T134,T134,Brian Davis,86,"28' 6""",5300.83,186,-11,Y2015
T136,T136,Zac Blair,108,"28' 7""",7369.08,258,-9,Y2015
T136,T136,Ángel Cabrera,53,"28' 7""",3058.33,107,E,Y2015
T136,T136,Jonathan Randolph,72,"28' 7""",4264.25,149,E,Y2015
T136,T136,Patrick Rodgers,57,"28' 7""",3313,116,-19,Y2015
T136,T136,John Senden,80,"28' 7""",4000.33,140,-11,Y2015
T136,T136,Hudson Swafford,97,"28' 7""",7032.17,246,-11,Y2015
T136,T136,Johnson Wagner,68,"28' 7""",4680.92,164,1,Y2015
T143,T143,Brendon de Jonge,106,"28' 8""",6826.08,238,-6,Y2015
T143,T143,Kevin Na,98,"28' 8""",4699.5,164,-3,Y2015
T143,T143,Andres Romero,69,"28' 8""",4041.33,141,3,Y2015
T143,T143,Mark Wilson,89,"28' 8""",6486.92,226,1,Y2015
147,147,Cameron Tringale,96,"28' 10""",6118.67,212,-11,Y2015
148,148,Aaron Baddeley,76,"28' 11""",5181.33,179,-5,Y2015
T149,T149,Matt Kuchar,97,"29' 0""",5504.58,190,-8,Y2015
T149,T149,Andrew Putnam,68,"29' 0""",4296.08,148,-6,Y2015
T149,T149,Kyle Reifers,96,"29' 0""",6343.83,219,-2,Y2015
T152,T152,Ricky Barnes,82,"29' 1""",4830.67,166,-17,Y2015
T152,T152,Retief Goosen,81,"29' 1""",4740.92,163,-3,Y2015
T152,T152,Hunter Mahan,88,"29' 1""",4477.83,154,-15,Y2015
T155,T155,Eric Axley,57,"29' 2""",3270,112,1,Y2015
T155,T155,Jamie Donaldson,50,"29' 2""",2419.08,83,-1,Y2015
T155,T155,Matt Every,73,"29' 2""",3737.92,128,-12,Y2015
T155,T155,Robert Garrigus,70,"29' 2""",4145.83,142,9,Y2015
T155,T155,J.B. Holmes,89,"29' 2""",3851.92,132,-4,Y2015
160,160,Sangmoon Bae,98,"29' 3""",6309.08,216,-12,Y2015
T161,T161,Adam Hadwin,95,"29' 4""",7353.17,251,E,Y2015
T161,T161,Scott Pinckney,88,"29' 4""",5933.25,202,-3,Y2015
T163,T163,Derek Fathauer,81,"29' 5""",4473.33,152,-16,Y2015
T163,T163,Jeff Overton,94,"29' 5""",5762.25,196,-4,Y2015
165,165,Roger Sloan,56,"29' 8""",3023.83,102,3,Y2015
166,166,J.J. Henry,94,"29' 9""",6625.92,223,1,Y2015
T167,T167,Martin Laird,77,"29' 10""",6587.42,221,-5,Y2015
T167,T167,Bill Lunde,50,"29' 10""",2807.83,94,7,Y2015
169,169,Gary Woodland,81,"30' 0""",4172.5,139,6,Y2015
170,170,Oscar Fraustro,58,"30' 1""",3192.58,106,5,Y2015
T171,T171,Justin Leonard,61,"30' 2""",5346.08,177,-2,Y2015
T171,T171,Heath Slocum,57,"30' 2""",3681.92,122,4,Y2015
173,173,Andres Gonzales,90,"30' 4""",5334.83,176,-7,Y2015
T174,T174,Sean O'Hair,86,"30' 5""",7202.08,237,-15,Y2015
T174,T174,D.A. Points,72,"30' 5""",4868.33,160,6,Y2015
T176,T176,Derek Ernst,75,"30' 6""",5086.83,167,12,Y2015
T176,T176,Morgan Hoffmann,85,"30' 6""",5098.83,167,2,Y2015
178,178,Max Homa,78,"30' 9""",4977.42,162,4,Y2015
179,179,Jhonattan Vegas,90,"31' 0""",6132.5,198,1,Y2015
180,180,Martin Flores,95,"31' 1""",6127.33,197,8,Y2015
181,181,Steve Wheatcroft,87,"31' 2""",5802,186,6,Y2015
T182,T182,Matt Jones,89,"31' 6""",5508.67,175,4,Y2015
T182,T182,Geoff Ogilvy,50,"31' 6""",2548.67,81,8,Y2015
184,184,Greg Chalmers,58,"32' 8""",3004.58,92,12,Y2015
1,1,Hideki Matsuyama,82,"23' 7""",4214.67,179,-12,Y2014
2,2,Ernie Els,85,"24' 1""",3728.67,155,-20,Y2014
3,3,Gary Woodland,93,"24' 9""",4448.08,180,-23,Y2014
4,4,Kevin Na,94,"24' 10""",4770.5,192,-11,Y2014
T5,T5,Graeme McDowell,66,"24' 11""",3189.5,128,-24,Y2014
T5,T5,Nick Watney,80,"24' 11""",4241.92,170,-11,Y2014
T7,T7,John Huh,87,"25' 0""",5156.08,206,-30,Y2014
T7,T7,Chris Kirk,105,"25' 0""",5393.33,216,-21,Y2014
T7,T7,Russell Knox,92,"25' 0""",6102,244,-28,Y2014
T10,T10,Kevin Chappell,100,"25' 1""",6036.67,241,-17,Y2014
T10,T10,Ken Duke,80,"25' 1""",4933.33,197,-17,Y2014
T10,T10,Brian Harman,111,"25' 1""",6041.58,241,-23,Y2014
T10,T10,Henrik Stenson,56,"25' 1""",2683.92,107,-15,Y2014
T14,T14,Chad Campbell,57,"25' 4""",3342.08,132,-12,Y2014
T14,T14,Marc Leishman,81,"25' 4""",5043.83,199,-21,Y2014
16,16,Rory McIlroy,66,"25' 5""",2899.5,114,-11,Y2014
17,17,Willy Wilcox,51,"25' 7""",3429.25,134,-7,Y2014
T18,T18,Graham DeLaet,80,"25' 8""",4753.75,185,-10,Y2014
T18,T18,Ryan Palmer,85,"25' 8""",4260.5,166,-13,Y2014
T18,T18,Bo Van Pelt,83,"25' 8""",5127.58,200,-15,Y2014
T21,T21,Brooks Koepka,56,"25' 9""",2475.58,96,-14,Y2014
T21,T21,Tyrone Van Aswegen,79,"25' 9""",4072.92,158,-11,Y2014
T23,T23,Paul Casey,56,"25' 10""",3152.17,122,-19,Y2014
T23,T23,Ryo Ishikawa,75,"25' 10""",3972.83,154,-12,Y2014
T25,T25,Dustin Johnson,58,"25' 11""",2795.75,108,-16,Y2014
T25,T25,Jeff Maggert,54,"25' 11""",3105.75,120,3,Y2014
T25,T25,Ryan Moore,86,"25' 11""",4458.42,172,-5,Y2014
T28,T28,Luke Donald,57,"26' 0""",2701.42,104,-8,Y2014
T28,T28,John Merrick,87,"26' 0""",5903.33,227,7,Y2014
T30,T30,Ben Crane,81,"26' 1""",5455.83,209,-27,Y2014
T30,T30,Jason Dufner,57,"26' 1""",2945.67,113,-6,Y2014
T32,T32,Tim Clark,75,"26' 2""",4554.42,174,8,Y2014
T32,T32,Matt Every,85,"26' 2""",4346.33,166,-8,Y2014
T32,T32,George McNeill,79,"26' 2""",5225.92,200,-15,Y2014
T35,T35,David Lingmerth,80,"26' 4""",4973.08,189,3,Y2014
T35,T35,Jeff Overton,80,"26' 4""",4299.08,163,-12,Y2014
T35,T35,Heath Slocum,71,"26' 4""",5115.5,194,-17,Y2014
T38,T38,Tommy Gainey,73,"26' 5""",4542.83,172,-9,Y2014
T38,T38,Kyle Stanley,87,"26' 5""",4972,188,16,Y2014
T40,T40,Kevin Stadler,90,"26' 6""",4138.33,156,-9,Y2014
T40,T40,Brendon Todd,108,"26' 6""",6624.08,250,-26,Y2014
T42,T42,John Peterson,62,"26' 7""",3770.33,142,E,Y2014
T42,T42,Webb Simpson,87,"26' 7""",5107.58,192,-22,Y2014
T44,T44,Scott Langley,95,"26' 8""",5601.33,210,-14,Y2014
T44,T44,Troy Merritt,62,"26' 8""",3951.25,148,-1,Y2014
T44,T44,Ian Poulter,57,"26' 8""",2692.5,101,-4,Y2014
T47,T47,David Hearn,97,"26' 9""",6695.75,250,-26,Y2014
T47,T47,Adam Scott,68,"26' 9""",4407.42,165,-19,Y2014
T47,T47,Robert Streb,75,"26' 9""",4888.25,183,-10,Y2014
T50,T50,Roberto Castro,76,"26' 10""",3787.17,141,-3,Y2014
T50,T50,Bill Haas,107,"26' 10""",5561.75,207,-16,Y2014
T50,T50,Matt Kuchar,91,"26' 10""",5638.92,210,-14,Y2014
T50,T50,Danny Lee,84,"26' 10""",5365.08,200,-13,Y2014
T50,T50,Hunter Mahan,88,"26' 10""",5681.67,212,-3,Y2014
T50,T50,Justin Rose,70,"26' 10""",3543.42,132,-10,Y2014
T50,T50,Camilo Villegas,95,"26' 10""",6529.42,243,-13,Y2014
T57,T57,Ricky Barnes,92,"26' 11""",5591.92,208,-16,Y2014
T57,T57,Jim Furyk,84,"26' 11""",5188.58,193,-15,Y2014
T57,T57,J.B. Holmes,86,"26' 11""",4958.58,184,-6,Y2014
T57,T57,Patrick Reed,92,"26' 11""",4040.25,150,-16,Y2014
T61,T61,Rickie Fowler,91,"27' 0""",4727.33,175,-7,Y2014
T61,T61,Andrew Svoboda,77,"27' 0""",5264.75,195,-9,Y2014
T61,T61,Nicholas Thompson,85,"27' 0""",5446.67,202,-2,Y2014
T64,T64,"Ted Potter, Jr.",68,"27' 1""",4739.83,175,-2,Y2014
T64,T64,Chris Stroud,88,"27' 1""",5410.08,200,-24,Y2014
66,66,Robert Garrigus,80,"27' 2""",5408.33,199,-10,Y2014
T67,T67,Brad Fritsch,50,"27' 3""",3218.67,118,-1,Y2014
T67,T67,Will MacKenzie,82,"27' 3""",5044.92,185,-10,Y2014
T67,T67,Jordan Spieth,102,"27' 3""",4932,181,-8,Y2014
T70,T70,Robert Allenby,83,"27' 4""",5570.58,204,-9,Y2014
T70,T70,Harris English,95,"27' 4""",5627.08,206,-14,Y2014
T70,T70,Jerry Kelly,80,"27' 4""",5494.33,201,-15,Y2014
T70,T70,Brian Stuard,91,"27' 4""",5930.08,217,-17,Y2014
T70,T70,David Toms,64,"27' 4""",4095.75,150,-9,Y2014
T70,T70,Cameron Tringale,111,"27' 4""",7162.67,262,-21,Y2014
T76,T76,Gonzalo Fernandez-Castaño,83,"27' 5""",4988.33,182,-13,Y2014
T76,T76,Chesson Hadley,84,"27' 5""",5270,192,4,Y2014
T76,T76,Zach Johnson,97,"27' 5""",6175,225,-11,Y2014
T76,T76,Johnson Wagner,69,"27' 5""",4302.42,157,-8,Y2014
T80,T80,Stewart Cink,91,"27' 6""",5995,218,-12,Y2014
T80,T80,Retief Goosen,94,"27' 6""",5771.75,210,-25,Y2014
T80,T80,Bryce Molder,77,"27' 6""",4595.58,167,-8,Y2014
T80,T80,Rory Sabbatini,82,"27' 6""",4323.58,157,-1,Y2014
T84,T84,Freddie Jacobson,91,"27' 7""",5966.58,216,-13,Y2014
T84,T84,Spencer Levin,59,"27' 7""",4190.08,152,-13,Y2014
T84,T84,Phil Mickelson,71,"27' 7""",2919.42,106,-3,Y2014
T84,T84,Mark Wilson,69,"27' 7""",4496.08,163,3,Y2014
T88,T88,Charlie Beljan,76,"27' 8""",4976.33,180,-13,Y2014
T88,T88,Steven Bowditch,93,"27' 8""",4923.83,178,8,Y2014
T88,T88,K.J. Choi,80,"27' 8""",4752.42,172,-9,Y2014
T88,T88,Kevin Streelman,79,"27' 8""",4371,158,1,Y2014
T88,T88,Jimmy Walker,98,"27' 8""",4701.67,170,-19,Y2014
T93,T93,Scott Brown,100,"27' 10""",6261.42,225,-15,Y2014
T93,T93,Brendon de Jonge,109,"27' 10""",7510.42,270,-8,Y2014
T93,T93,Luke Guthrie,85,"27' 10""",5454.17,196,-6,Y2014
T93,T93,Carl Pettersson,91,"27' 10""",6287.33,226,-5,Y2014
T93,T93,Bubba Watson,76,"27' 10""",3502.75,126,E,Y2014
T93,T93,Tim Wilkinson,86,"27' 10""",5340.25,192,5,Y2014
T99,T99,Kevin Kisner,85,"27' 11""",5169.92,185,-18,Y2014
T99,T99,Geoff Ogilvy,84,"27' 11""",5419.75,194,-6,Y2014
T101,T101,Sergio Garcia,61,"28' 0""",2521.25,90,-6,Y2014
T101,T101,Martin Kaymer,65,"28' 0""",3187.5,114,1,Y2014
T101,T101,Bronson La'Cassie,51,"28' 0""",2607.58,93,2,Y2014
T101,T101,Vijay Singh,83,"28' 0""",5346,191,-3,Y2014
T101,T101,Shawn Stefani,60,"28' 0""",4671.5,167,-6,Y2014
T101,T101,Daniel Summerhays,98,"28' 0""",6442.58,230,-16,Y2014
T101,T101,Hudson Swafford,75,"28' 0""",4988,178,-8,Y2014
108,108,Pat Perez,84,"28' 1""",5671.33,202,2,Y2014
T109,T109,Erik Compton,88,"28' 2""",5400.08,192,-2,Y2014
T109,T109,Justin Hicks,103,"28' 2""",7979.5,283,7,Y2014
T109,T109,Scott Stallings,77,"28' 2""",4591.25,163,-2,Y2014
T112,T112,Lucas Glover,68,"28' 3""",3780.75,134,26,Y2014
T112,T112,D.H. Lee,54,"28' 3""",3333.33,118,7,Y2014
T112,T112,Charlie Wi,72,"28' 3""",4797.67,170,-4,Y2014
T115,T115,Charley Hoffman,93,"28' 4""",5561,196,1,Y2014
T115,T115,Morgan Hoffmann,103,"28' 4""",5986,211,-17,Y2014
T115,T115,William McGirt,96,"28' 4""",6625.92,234,-17,Y2014
T118,T118,Sangmoon Bae,76,"28' 5""",4837.42,170,-5,Y2014
T118,T118,John Rollins,84,"28' 5""",5144.42,181,9,Y2014
T118,T118,Y.E. Yang,79,"28' 5""",4747.92,167,-6,Y2014
T121,T121,Woody Austin,63,"28' 6""",4016.92,141,-6,Y2014
T121,T121,Michael Putnam,106,"28' 6""",7550.33,265,-13,Y2014
T123,T123,Brice Garnett,92,"28' 7""",5716.17,200,-11,Y2014
T123,T123,Jason Kokrak,65,"28' 7""",4798.92,168,-7,Y2014
T123,T123,John Senden,99,"28' 7""",6511.75,228,-11,Y2014
T123,T123,Michael Thompson,74,"28' 7""",4628.17,162,-2,Y2014
127,127,Ángel Cabrera,69,"28' 8""",4495.17,157,12,Y2014
128,128,Jonas Blixt,64,"28' 9""",2786,97,-11,Y2014
T129,T129,Matt Jones,83,"28' 11""",4338,150,-5,Y2014
T129,T129,Ben Martin,80,"28' 11""",5411.33,187,-8,Y2014
T131,T131,Billy Horschel,92,"29' 0""",5679.83,196,-8,Y2014
T131,T131,Justin Leonard,75,"29' 0""",5226.67,180,-13,Y2014
T131,T131,Brandt Snedeker,89,"29' 0""",5444.67,188,-3,Y2014
134,134,Keegan Bradley,89,"29' 1""",5996.17,206,-12,Y2014
135,135,James Hahn,82,"29' 2""",6278.17,215,5,Y2014
T136,T136,Martin Flores,85,"29' 3""",5475.33,187,-7,Y2014
T136,T136,Martin Laird,66,"29' 3""",4891.25,167,-2,Y2014
T136,T136,Seung-Yul Noh,92,"29' 3""",6347.58,217,4,Y2014
T139,T139,Aaron Baddeley,74,"29' 4""",4513.92,154,7,Y2014
T139,T139,Jason Bohn,81,"29' 4""",5891.75,201,10,Y2014
T139,T139,Chad Collins,78,"29' 4""",4812.08,164,-10,Y2014
T139,T139,Jim Renner,61,"29' 4""",3700.5,126,1,Y2014
T139,T139,Mike Weir,69,"29' 4""",3876.75,132,4,Y2014
144,144,Billy Hurley III,86,"29' 5""",6240.25,212,-1,Y2014
145,145,Lee Westwood,57,"29' 6""",3539,120,E,Y2014
T146,T146,Bud Cauley,56,"29' 7""",3197.33,108,-4,Y2014
T146,T146,Jason Day,54,"29' 7""",2248,76,-8,Y2014
T146,T146,Wes Roach,67,"29' 7""",4142.58,140,-2,Y2014
T146,T146,Brendan Steele,89,"29' 7""",5289.42,179,11,Y2014
T150,T150,Jim Herman,62,"29' 8""",4158.08,140,10,Y2014
T150,T150,Richard Lee,80,"29' 8""",4331.58,146,-6,Y2014
T150,T150,Sean O'Hair,77,"29' 8""",5192.17,175,8,Y2014
153,153,Louis Oosthuizen,50,"29' 9""",2232.42,75,6,Y2014
T154,T154,Jonathan Byrd,76,"29' 10""",5825.58,195,-8,Y2014
T154,T154,James Driscoll,71,"29' 10""",4356.83,146,-8,Y2014
156,156,Boo Weekley,73,"29' 11""",4485.25,150,9,Y2014
T157,T157,Greg Chalmers,85,"30' 0""",5635.5,188,-15,Y2014
T157,T157,Derek Ernst,80,"30' 0""",5281.5,176,14,Y2014
T157,T157,Davis Love III,74,"30' 0""",5183.58,173,2,Y2014
T157,T157,Jhonattan Vegas,77,"30' 0""",6024.75,201,2,Y2014
161,161,Josh Teater,90,"30' 1""",6050.33,201,3,Y2014
T162,T162,J.J. Henry,91,"30' 2""",6902.67,229,-2,Y2014
T162,T162,Jamie Lovemark,64,"30' 2""",3502.25,116,-10,Y2014
T162,T162,D.A. Points,75,"30' 2""",4373.75,145,-6,Y2014
T165,T165,Andres Romero,81,"30' 8""",5978.33,195,-15,Y2014
T165,T165,Charl Schwartzel,64,"30' 8""",3866.17,126,-1,Y2014
167,167,Russell Henley,92,"30' 9""",5628.75,183,2,Y2014
T168,T168,Stuart Appleby,92,"31' 0""",7278.75,235,1,Y2014
T168,T168,Brian Gay,81,"31' 0""",5242.75,169,-11,Y2014
170,170,Troy Matteson,62,"31' 1""",3663,118,10,Y2014
171,171,Charles Howell III,106,"31' 2""",6799.08,218,-9,Y2014
172,172,Trevor Immelman,84,"31' 3""",5467.92,175,-4,Y2014
173,173,Briny Baird,50,"31' 7""",3663.08,116,5,Y2014
174,174,Ben Curtis,77,"32' 3""",6091.33,189,E,Y2014
175,175,Brian Davis,93,"32' 4""",7147.75,221,13,Y2014
T176,T176,Andrew Loupe,65,"32' 5""",3886.25,120,19,Y2014
T176,T176,Kevin Tway,64,"32' 5""",4371.25,135,4,Y2014
