RANK_THIS_WEEK,RANK_LAST_WEEK,PLAYER_NAME,ROUNDS,PERC,SUCCESSES,ATTEMPTS,YEAR
1,,Brooks Koepka,64,74,74,100,Y2018
2,,Chez Reavie,93,73.13,98,134,Y2018
3,,Tiger Woods,68,70.63,89,126,Y2018
4,,Rickie Fowler,74,70.37,76,108,Y2018
5,,Wesley Bryan,69,70.31,90,128,Y2018
6,,Matt Jones,70,70.18,80,114,Y2018
7,,Danny Lee,88,69.88,116,166,Y2018
8,,Nate Lashley,51,69.66,62,89,Y2018
9,,Patrick Reed,94,69.6,87,125,Y2018
10,,Joel Dahmen,93,68.49,100,146,Y2018
11,,Tyrrell Hatton,58,68.35,54,79,Y2018
12,,Seamus Power,86,68.29,112,164,Y2018
13,,Kevin Na,91,67.88,112,165,Y2018
14,,Byeong Hun An,86,67.72,107,158,Y2018
T15,,Tony Finau,105,67.18,88,131,Y2018
T15,,Ryan Moore,78,67.18,88,131,Y2018
17,,Kelly Kraft,94,67.17,133,198,Y2018
18,,Peter Malnati,87,67.03,124,185,Y2018
19,,Hideki Matsuyama,75,66.94,83,124,Y2018
20,,Bud Cauley,55,66.67,62,93,Y2018
21,,Kevin Kisner,89,66.43,93,140,Y2018
22,,Tom Hoge,101,66.02,136,206,Y2018
23,,Webb Simpson,95,65.97,95,144,Y2018
24,,Alex Noren,67,65.85,81,123,Y2018
25,,Nick Taylor,94,65.8,127,193,Y2018
26,,Johnson Wagner,75,65.75,96,146,Y2018
27,,Hunter Mahan,67,65.63,84,128,Y2018
28,,Ben Crane,65,65.6,82,125,Y2018
29,,Dustin Johnson,77,65.57,80,122,Y2018
T30,,Austin Cook,107,65.45,125,191,Y2018
T30,,Kevin Streelman,94,65.45,108,165,Y2018
32,,Justin Thomas,91,65.41,87,133,Y2018
33,,Zach Johnson,94,65.24,107,164,Y2018
T34,,Marc Leishman,93,65.19,103,158,Y2018
T34,,William McGirt,84,65.19,103,158,Y2018
36,,Bryson DeChambeau,93,65.15,86,132,Y2018
37,,Ian Poulter,73,65.14,71,109,Y2018
T38,,Billy Horschel,86,65.03,93,143,Y2018
T38,,Jonathan Randolph,71,65.03,93,143,Y2018
40,,Brian Harman,94,65,104,160,Y2018
41,,Chris Kirk,108,64.93,137,211,Y2018
42,,Jim Furyk,50,64.76,68,105,Y2018
43,,Scott Piercy,84,64.74,101,156,Y2018
44,,Gary Woodland,96,64.66,75,116,Y2018
45,,Justin Rose,70,64.63,53,82,Y2018
T46,,Matt Kuchar,88,64.54,91,141,Y2018
T46,,Chris Stroud,81,64.54,91,141,Y2018
48,,Ryan Armour,109,64.53,131,203,Y2018
49,,James Hahn,85,64.49,89,138,Y2018
50,,Cameron Smith,85,64.47,98,152,Y2018
51,,Rory Sabbatini,91,64.29,108,168,Y2018
52,,Ben Silverman,90,64.16,111,173,Y2018
53,,Sean O'Hair,67,64.1,75,117,Y2018
54,,Brian Gay,103,64.06,164,256,Y2018
T55,,Lucas Glover,65,64,64,100,Y2018
T55,,Troy Merritt,89,64,112,175,Y2018
57,,Cameron Percy,56,63.95,55,86,Y2018
58,,Fabián Gómez,88,63.91,108,169,Y2018
59,,Dominic Bozzelli,65,63.87,99,155,Y2018
60,,Chad Campbell,87,63.82,97,152,Y2018
61,,Russell Knox,94,63.73,123,193,Y2018
62,,Jamie Lovemark,92,63.68,121,190,Y2018
T63,,Aaron Baddeley,84,63.64,112,176,Y2018
T63,,Xander Schauffele,96,63.64,98,154,Y2018
65,,Alex Cejka,77,63.5,87,137,Y2018
66,,Roberto Díaz,72,63.45,92,145,Y2018
67,,Patrick Rodgers,97,63.33,133,210,Y2018
68,,Ethan Tracy,72,63.19,91,144,Y2018
69,,John Huh,94,63.08,123,195,Y2018
70,,Bill Haas,76,63.03,104,165,Y2018
71,,Graeme McDowell,67,63.01,92,146,Y2018
72,,Adam Hadwin,92,62.86,88,140,Y2018
73,,Emiliano Grillo,94,62.8,103,164,Y2018
74,,Charles Howell III,104,62.58,102,163,Y2018
75,,Harris English,84,62.56,122,195,Y2018
T76,,Anirban Lahiri,82,62.5,100,160,Y2018
T76,,Michael Thompson,62,62.5,75,120,Y2018
T76,,Jhonattan Vegas,92,62.5,80,128,Y2018
79,,Kevin Tway,110,62.26,132,212,Y2018
80,,David Lingmerth,82,62.15,110,177,Y2018
81,,Kiradech Aphibarnrat,51,62.12,41,66,Y2018
82,,Xinjun Zhang,81,62.11,100,161,Y2018
83,,Brandt Snedeker,84,61.76,105,170,Y2018
84,,Zac Blair,64,61.74,71,115,Y2018
85,,Jimmy Walker,81,61.68,103,167,Y2018
86,,Ricky Barnes,65,61.49,91,148,Y2018
87,,Denny McCarthy,71,61.42,78,127,Y2018
88,,C.T. Pan,104,61.39,97,158,Y2018
T89,,J.B. Holmes,77,61.31,84,137,Y2018
T89,,Stephan Jaeger,81,61.31,84,137,Y2018
91,,Steve Wheatcroft,60,61.29,76,124,Y2018
92,,Derek Fathauer,84,61.14,118,193,Y2018
93,,Jonas Blixt,67,61.07,80,131,Y2018
94,,Jason Day,75,61.06,69,113,Y2018
95,,Brian Stuard,103,61.03,119,195,Y2018
96,,Ryan Blaum,81,60.95,103,169,Y2018
97,,Jason Kokrak,99,60.94,117,192,Y2018
98,,Andrew Putnam,97,60.9,95,156,Y2018
99,,Talor Gooch,78,60.87,98,161,Y2018
100,,Adam Schenk,86,60.84,101,166,Y2018
101,,Scott Stallings,96,60.82,118,194,Y2018
102,,Daniel Berger,81,60.81,90,148,Y2018
103,,"Ted Potter, Jr.",87,60.78,124,204,Y2018
104,,Keith Mitchell,99,60.71,119,196,Y2018
105,,Abraham Ancer,98,60.67,108,178,Y2018
106,,J.T. Poston,73,60.48,75,124,Y2018
107,,Conrad Shindler,60,60.47,78,129,Y2018
T108,,Phil Mickelson,90,60.42,87,144,Y2018
T108,,Richy Werenski,98,60.42,116,192,Y2018
T110,,Shawn Stefani,76,60.4,90,149,Y2018
T110,,Nick Watney,94,60.4,90,149,Y2018
112,,Ben Martin,64,60.28,85,141,Y2018
113,,Branden Grace,67,60.2,59,98,Y2018
T114,,Scott Brown,102,60,120,200,Y2018
T114,,Martin Flores,92,60,102,170,Y2018
T114,,Brice Garnett,99,60,129,215,Y2018
T114,,Lanto Griffin,80,60,90,150,Y2018
118,,Vaughn Taylor,83,59.86,85,142,Y2018
119,,Matt Atkins,56,59.69,77,129,Y2018
T120,,Martin Piller,79,59.62,93,156,Y2018
T120,,Kyle Thompson,50,59.62,62,104,Y2018
122,,Beau Hossler,104,59.22,122,206,Y2018
123,,Aaron Wise,90,59.21,90,152,Y2018
124,,Billy Hurley III,70,59.06,88,149,Y2018
125,,Ollie Schniederjans,91,58.99,105,178,Y2018
126,,Harold Varner III,91,58.97,92,156,Y2018
127,,Rob Oppenheim,74,58.9,86,146,Y2018
128,,Ryan Palmer,69,58.65,78,133,Y2018
129,,Sam Saunders,80,58.64,95,162,Y2018
T130,,Rory McIlroy,64,58.62,51,87,Y2018
T130,,Cameron Tringale,67,58.62,85,145,Y2018
132,,Robert Garrigus,80,58.6,92,157,Y2018
133,,Tyrone Van Aswegen,101,58.56,130,222,Y2018
134,,Henrik Stenson,60,58.54,48,82,Y2018
135,,Bubba Watson,90,58.45,83,142,Y2018
136,,Andrew Landry,82,58.44,90,154,Y2018
T137,,Paul Casey,74,58.33,70,120,Y2018
T137,,Peter Uihlein,83,58.33,77,132,Y2018
139,,Martin Laird,73,58.28,88,151,Y2018
140,,Greg Chalmers,56,58.2,71,122,Y2018
141,,Adam Scott,78,58.1,61,105,Y2018
142,,Corey Conners,97,57.99,98,169,Y2018
143,,Jason Dufner,71,57.94,73,126,Y2018
144,,Jordan Spieth,81,57.85,70,121,Y2018
145,,Matt Every,79,57.79,89,154,Y2018
146,,Charl Schwartzel,65,57.78,52,90,Y2018
T147,,Keegan Bradley,98,57.69,90,156,Y2018
T147,,Brett Stegmaier,67,57.69,75,130,Y2018
149,,Blayne Barber,69,57.66,64,111,Y2018
150,,Luke List,98,57.43,85,148,Y2018
151,,Sam Ryder,82,57.38,70,122,Y2018
152,,Grayson Murray,72,57.36,74,129,Y2018
153,,Pat Perez,82,57.14,64,112,Y2018
154,,Michael Kim,74,56.97,94,165,Y2018
155,,J.J. Henry,81,56.86,87,153,Y2018
156,,Robert Streb,78,56.85,83,146,Y2018
T157,,Patrick Cantlay,87,56.69,72,127,Y2018
T157,,Rod Pampling,62,56.69,72,127,Y2018
159,,Mackenzie Hughes,80,56.63,94,166,Y2018
160,,Brandon Harkins,101,56.62,124,219,Y2018
161,,Rafa Cabrera Bello,75,56.57,56,99,Y2018
162,,Trey Mullinax,75,56.55,82,145,Y2018
163,,Russell Henley,77,56.41,66,117,Y2018
164,,Kevin Chappell,77,56.38,84,149,Y2018
165,,Nicholas Lindheim,77,56.2,77,137,Y2018
166,,Hudson Swafford,73,55.93,66,118,Y2018
167,,Bronson Burgoon,69,55.91,71,127,Y2018
168,,Retief Goosen,60,55.8,77,138,Y2018
T169,,Cody Gribble,71,55.56,75,135,Y2018
T169,,Si Woo Kim,108,55.56,90,162,Y2018
171,,Tyler Duncan,97,55.49,101,182,Y2018
172,,J.J. Spaun,85,55.35,88,159,Y2018
T173,,Francesco Molinari,73,55.26,63,114,Y2018
T173,,Louis Oosthuizen,62,55.26,42,76,Y2018
175,,Chesson Hadley,103,54.93,117,213,Y2018
176,,Jon Rahm,71,54.88,45,82,Y2018
177,,Tommy Fleetwood,73,54.74,52,95,Y2018
178,,Charley Hoffman,87,54.73,81,148,Y2018
179,,Shane Lowry,64,54.08,53,98,Y2018
180,,David Hearn,66,53.6,67,125,Y2018
181,,Jonathan Byrd,70,53.45,62,116,Y2018
182,,Patton Kizzire,92,52.29,80,153,Y2018
183,,Brendan Steele,74,52.17,60,115,Y2018
184,,Stewart Cink,87,51.59,81,157,Y2018
185,,Zecheng Dou,53,51.49,52,101,Y2018
186,,Tom Lovelady,87,50.63,80,158,Y2018
187,,D.A. Points,63,50.36,69,137,Y2018
T188,,Satoshi Kodaira,51,50,53,106,Y2018
T188,,Kyle Stanley,93,50,58,116,Y2018
190,,Sung Kang,89,48.45,78,161,Y2018
191,,Whee Kim,93,48.19,80,166,Y2018
192,,Andrew Yun,51,46.36,51,110,Y2018
193,,Daniel Summerhays,51,45.97,57,124,Y2018
1,1,Louis Oosthuizen,69,75.96,79,104,Y2017
2,2,Ian Poulter,72,72.48,108,149,Y2017
3,3,Marc Leishman,94,71.94,100,139,Y2017
4,4,Paul Casey,94,71.11,96,135,Y2017
5,5,Bill Haas,92,70.73,87,123,Y2017
6,6,Pat Perez,93,70.19,113,161,Y2017
7,7,Patrick Reed,107,69.88,116,166,Y2017
8,8,Steve Wheatcroft,51,68.97,80,116,Y2017
9,9,Daniel Berger,91,68.94,91,132,Y2017
10,10,Bud Cauley,92,68.82,117,170,Y2017
11,11,James Hahn,96,67.78,122,180,Y2017
12,12,J.T. Poston,95,67.72,107,158,Y2017
13,13,Kevin Na,86,67.52,79,117,Y2017
14,14,Brandt Snedeker,53,67.47,56,83,Y2017
15,15,Patrick Cantlay,52,67.09,53,79,Y2017
T16,T16,Rafa Cabrera Bello,63,66.67,72,108,Y2017
T16,T16,Roberto Castro,70,66.67,88,132,Y2017
T16,T16,Kevin Kisner,105,66.67,106,159,Y2017
19,19,Jon Rahm,90,66.41,85,128,Y2017
20,20,Zac Blair,105,66.35,140,211,Y2017
21,21,Chad Campbell,97,66.34,134,202,Y2017
22,22,Branden Grace,70,66.29,59,89,Y2017
23,23,Jhonattan Vegas,95,66.18,90,136,Y2017
24,24,Mark Anderson,54,66.09,76,115,Y2017
25,25,Chad Collins,66,66.08,113,171,Y2017
26,26,John Huh,92,66.04,140,212,Y2017
27,27,Richy Werenski,81,65.96,93,141,Y2017
28,28,Chez Reavie,98,65.9,114,173,Y2017
29,29,Jonathan Randolph,68,65.89,85,129,Y2017
30,30,Wesley Bryan,95,65.77,146,222,Y2017
31,31,Ryan Blaum,100,65.56,118,180,Y2017
T32,T32,K.J. Choi,72,65.49,93,142,Y2017
T32,T32,Brett Drewitt,57,65.49,74,113,Y2017
34,34,Greg Chalmers,75,65.38,102,156,Y2017
35,35,Geoff Ogilvy,80,65.29,111,170,Y2017
T36,T36,Morgan Hoffmann,92,65.22,135,207,Y2017
T36,T36,Harold Varner III,101,65.22,135,207,Y2017
38,38,Dustin Johnson,77,65.17,58,89,Y2017
39,39,C.T. Pan,88,65.14,114,175,Y2017
40,40,Bryson DeChambeau,91,65.13,99,152,Y2017
41,41,Spencer Levin,89,64.77,114,176,Y2017
42,42,Webb Simpson,102,64.67,108,167,Y2017
43,43,Julián Etulain,68,64.66,86,133,Y2017
T44,T44,Kevin Tway,96,64.29,108,168,Y2017
T44,T44,Tim Wilkinson,64,64.29,81,126,Y2017
46,46,William McGirt,89,64.19,95,148,Y2017
T47,T47,Rory McIlroy,51,64.06,41,64,Y2017
T47,T47,Sean O'Hair,84,64.06,82,128,Y2017
49,49,Billy Horschel,88,64,96,150,Y2017
50,50,Kevin Streelman,90,63.98,103,161,Y2017
51,51,David Hearn,93,63.86,106,166,Y2017
52,52,Jim Furyk,54,63.74,58,91,Y2017
53,53,Kyle Stanley,104,63.69,100,157,Y2017
54,54,Kevin Chappell,95,63.51,94,148,Y2017
55,55,Mark Hubbard,81,63.45,92,145,Y2017
56,56,Mackenzie Hughes,106,63.4,149,235,Y2017
57,57,Francesco Molinari,75,63.24,86,136,Y2017
58,58,Russell Knox,75,63.08,82,130,Y2017
59,59,Brian Gay,82,63.07,111,176,Y2017
60,60,Zach Johnson,81,63.01,92,146,Y2017
61,61,Hideki Matsuyama,83,63,63,100,Y2017
T62,T62,Seamus Power,86,62.96,102,162,Y2017
T62,T62,J.J. Spaun,92,62.96,102,162,Y2017
T64,T64,Keegan Bradley,104,62.94,107,170,Y2017
T64,T64,Adam Hadwin,98,62.94,107,170,Y2017
T66,T66,Ricky Barnes,100,62.86,132,210,Y2017
T66,T66,Scott Brown,95,62.86,132,210,Y2017
T66,T66,Charl Schwartzel,63,62.86,66,105,Y2017
69,69,Steven Alker,69,62.84,93,148,Y2017
70,70,Anirban Lahiri,72,62.79,108,172,Y2017
71,71,Ryan Armour,63,62.77,59,94,Y2017
72,72,Phil Mickelson,85,62.76,91,145,Y2017
T73,T73,Billy Hurley III,80,62.5,110,176,Y2017
T73,T73,Justin Thomas,86,62.5,65,104,Y2017
75,75,Brian Harman,104,62.44,123,197,Y2017
76,76,Stewart Cink,93,62.42,93,149,Y2017
77,77,Miguel Angel Carballo,63,62.38,63,101,Y2017
78,78,Harris English,84,62.18,97,156,Y2017
T79,T79,Troy Merritt,82,62.13,105,169,Y2017
T79,T79,Brian Stuard,93,62.13,105,169,Y2017
81,81,Graeme McDowell,56,62.02,80,129,Y2017
82,82,Cameron Smith,86,62.01,111,179,Y2017
83,83,Sung Kang,104,61.78,118,191,Y2017
T84,T84,Ernie Els,52,61.68,66,107,Y2017
T84,T84,Jason Kokrak,95,61.68,103,167,Y2017
86,86,Rory Sabbatini,71,61.65,82,133,Y2017
T87,T87,Alex Cejka,85,61.64,90,146,Y2017
T87,T87,Jason Dufner,89,61.64,90,146,Y2017
T87,T87,Shane Lowry,52,61.64,45,73,Y2017
90,90,Brendan Steele,89,61.6,77,125,Y2017
T91,T91,J.J. Henry,92,61.54,112,182,Y2017
T91,T91,Justin Rose,66,61.54,56,91,Y2017
93,93,Nick Taylor,97,61.5,123,200,Y2017
T94,T94,Derek Fathauer,81,61.49,91,148,Y2017
T94,T94,Luke List,102,61.49,99,161,Y2017
96,96,Retief Goosen,52,61.46,59,96,Y2017
97,97,Whee Kim,74,61.45,110,179,Y2017
T98,T98,Cameron Percy,71,61.4,70,114,Y2017
T98,T98,Chris Stroud,67,61.4,70,114,Y2017
100,100,Tony Finau,106,61.35,100,163,Y2017
101,101,Robert Streb,98,61.27,125,204,Y2017
102,102,Brandon Hagy,85,61.25,98,160,Y2017
103,103,Dominic Bozzelli,69,61.18,93,152,Y2017
104,104,Camilo Villegas,76,60.93,92,151,Y2017
105,105,Bryce Molder,74,60.77,110,181,Y2017
106,106,Jamie Lovemark,98,60.66,111,183,Y2017
107,107,Ben Crane,86,60.63,97,160,Y2017
108,108,Matt Kuchar,95,60.61,80,132,Y2017
109,109,Boo Weekley,75,60.58,83,137,Y2017
110,110,Aaron Baddeley,61,60.53,69,114,Y2017
111,111,Gonzalo Fernandez-Castaño,63,60.42,87,144,Y2017
112,112,Russell Henley,99,60.36,102,169,Y2017
113,113,Martin Laird,83,60.34,105,174,Y2017
114,114,Charles Howell III,86,60.24,100,166,Y2017
115,115,Fabián Gómez,61,60,81,135,Y2017
116,116,Lucas Glover,93,59.86,88,147,Y2017
117,117,Jason Bohn,75,59.78,107,179,Y2017
118,118,Jordan Spieth,85,59.62,62,104,Y2017
119,119,Adam Scott,58,59.55,53,89,Y2017
120,120,Shawn Stefani,72,59.54,78,131,Y2017
121,121,Kyle Reifers,96,59.43,104,175,Y2017
122,122,Andres Gonzales,73,59.4,79,133,Y2017
123,123,Jason Day,71,59.35,73,123,Y2017
124,124,Ryo Ishikawa,56,59.32,70,118,Y2017
125,125,Patrick Rodgers,76,59.24,93,157,Y2017
T126,T126,Sergio Garcia,65,59.15,42,71,Y2017
T126,T126,Peter Malnati,91,59.15,97,164,Y2017
128,128,J.B. Holmes,83,59.12,81,137,Y2017
129,129,Luke Donald,50,58.97,69,117,Y2017
130,130,Matt Jones,64,58.91,76,129,Y2017
131,131,Vaughn Taylor,90,58.88,116,197,Y2017
132,132,Cameron Tringale,89,58.85,113,192,Y2017
133,133,Brooks Koepka,88,58.78,87,148,Y2017
134,134,Ryan Moore,82,58.54,72,123,Y2017
135,135,Ryan Palmer,61,58.49,62,106,Y2017
136,136,Daniel Summerhays,100,58.44,90,154,Y2017
137,137,Kelly Kraft,75,58.04,83,143,Y2017
138,138,Brad Fritsch,56,57.98,69,119,Y2017
139,139,Johnson Wagner,71,57.81,74,128,Y2017
140,140,Hudson Swafford,94,57.59,91,158,Y2017
141,141,Scott Stallings,81,57.52,88,153,Y2017
142,142,Michael Kim,94,57.51,111,193,Y2017
143,143,Emiliano Grillo,90,57.34,82,143,Y2017
144,144,Rickie Fowler,78,57.27,63,110,Y2017
145,145,D.A. Points,68,57.14,80,140,Y2017
146,146,Seung-Yul Noh,91,57.07,113,198,Y2017
147,147,Sam Saunders,76,57.04,77,135,Y2017
148,148,Rick Lamb,54,57.01,61,107,Y2017
149,149,Bubba Watson,71,56.86,58,102,Y2017
150,150,David Lingmerth,79,56.83,79,139,Y2017
151,151,Ken Duke,77,56.76,84,148,Y2017
152,152,Tyrone Van Aswegen,105,56.7,110,194,Y2017
153,153,Gary Woodland,94,56.48,61,108,Y2017
154,154,Chris Kirk,89,56.42,101,179,Y2017
155,155,Ben Martin,86,56.25,81,144,Y2017
156,156,Si Woo Kim,80,56.08,83,148,Y2017
157,157,Carl Pettersson,63,55.84,86,154,Y2017
158,158,Sebastián Muñoz,51,55.79,53,95,Y2017
159,159,Søren Kjeldsen,58,55.71,39,70,Y2017
160,160,Nick Watney,75,55.63,79,142,Y2017
161,161,Cody Gribble,79,55.62,94,169,Y2017
T162,T162,Jonas Blixt,74,55.56,80,144,Y2017
T162,T162,Hunter Mahan,73,55.56,85,153,Y2017
164,164,Blayne Barber,77,55.4,77,139,Y2017
165,165,Tag Ridings,67,55.38,72,130,Y2017
166,166,Smylie Kaufman,76,55.36,62,112,Y2017
167,167,Charley Hoffman,112,54.89,101,184,Y2017
168,168,Patton Kizzire,84,54.79,103,188,Y2017
169,169,Michael Thompson,60,54.76,69,126,Y2017
170,170,Xander Schauffele,96,54.67,82,150,Y2017
171,171,Ryan Brehm,83,54.32,88,162,Y2017
172,172,Rod Pampling,71,54,81,150,Y2017
173,173,Byeong Hun An,77,53.85,70,130,Y2017
174,174,Graham DeLaet,82,53.79,78,145,Y2017
175,175,Ollie Schniederjans,92,53.61,89,166,Y2017
176,176,Brian Campbell,55,53.1,60,113,Y2017
177,177,Andrew Loupe,55,53.08,69,130,Y2017
178,178,Brett Stegmaier,78,53.07,95,179,Y2017
179,179,Jimmy Walker,68,53,53,100,Y2017
180,180,Jim Herman,77,52.94,63,119,Y2017
181,181,Danny Lee,93,52.91,91,172,Y2017
182,182,Nicholas Lindheim,58,52.14,61,117,Y2017
183,183,Trey Mullinax,88,51.77,73,141,Y2017
184,184,Matt Every,76,51.02,75,147,Y2017
185,185,Grayson Murray,94,50.26,98,195,Y2017
186,186,Tom Hoge,54,50,45,90,Y2017
187,187,Martin Flores,88,49.19,61,124,Y2017
188,188,Steven Bowditch,59,49.01,74,151,Y2017
189,189,Robert Garrigus,78,48,60,125,Y2017
190,190,Scott Piercy,70,47.62,50,105,Y2017
1,1,Charl Schwartzel,73,71.62,53,74,Y2016
2,2,Jeff Overton,69,70,91,130,Y2016
3,3,Chris Kirk,90,69.78,97,139,Y2016
4,4,William McGirt,98,69.01,118,171,Y2016
5,5,Scott Langley,65,68.99,89,129,Y2016
6,6,Stuart Appleby,71,68.75,99,144,Y2016
7,7,Rod Pampling,54,68.48,63,92,Y2016
8,8,Luke Donald,81,67.48,83,123,Y2016
9,9,Paul Casey,77,67.47,56,83,Y2016
10,10,Aaron Baddeley,93,66.86,113,169,Y2016
T11,T11,Chad Campbell,90,66.67,102,153,Y2016
T11,T11,Colt Knost,90,66.67,110,165,Y2016
T11,T11,Rory McIlroy,69,66.67,36,54,Y2016
T14,T14,Zac Blair,99,66.45,103,155,Y2016
T14,T14,Whee Kim,82,66.45,103,155,Y2016
16,16,Branden Grace,63,66.18,45,68,Y2016
17,17,David Lingmerth,84,66,66,100,Y2016
18,18,Jordan Spieth,80,65.96,62,94,Y2016
19,19,Bryce Molder,80,65.85,108,164,Y2016
20,20,Scott Stallings,74,65.71,92,140,Y2016
21,21,Shane Lowry,57,65.67,44,67,Y2016
22,22,Steve Stricker,53,65.59,61,93,Y2016
23,23,Phil Mickelson,75,65.45,72,110,Y2016
24,24,Freddie Jacobson,86,65.29,111,170,Y2016
25,25,Kevin Kisner,97,65.08,82,126,Y2016
26,26,Tim Wilkinson,72,65,91,140,Y2016
T27,T27,Marc Leishman,89,64.75,79,122,Y2016
T27,T27,Brandt Snedeker,93,64.75,90,139,Y2016
29,29,Brian Stuard,66,64.66,86,133,Y2016
30,30,Tony Finau,95,64.58,93,144,Y2016
31,31,Bill Haas,86,64.55,71,110,Y2016
32,32,Jamie Lovemark,91,64.44,116,180,Y2016
33,33,Rickie Fowler,80,64.37,56,87,Y2016
T34,T34,Charles Howell III,91,64.15,102,159,Y2016
T34,T34,Andrew Landry,53,64.15,68,106,Y2016
36,36,Hiroshi Iwata,85,64.07,107,167,Y2016
37,37,Camilo Villegas,83,63.8,104,163,Y2016
38,38,Rob Oppenheim,67,63.64,77,121,Y2016
39,39,Francesco Molinari,64,63.5,87,137,Y2016
T40,T40,Billy Hurley III,66,63.46,66,104,Y2016
T40,T40,Johnson Wagner,86,63.46,99,156,Y2016
42,42,Russell Henley,76,63.36,83,131,Y2016
43,43,Padraig Harrington,54,63.22,55,87,Y2016
44,44,Jon Curran,99,63.08,123,195,Y2016
45,45,Ryan Moore,86,63.03,75,119,Y2016
46,46,Patrick Reed,105,62.96,85,135,Y2016
47,47,Derek Ernst,59,62.62,67,107,Y2016
48,48,Bronson Burgoon,83,62.59,87,139,Y2016
49,49,Alex Cejka,71,62.5,75,120,Y2016
50,50,Dicky Pride,55,62.39,73,117,Y2016
51,51,Hideki Matsuyama,76,62.35,53,85,Y2016
52,52,Geoff Ogilvy,63,62.26,66,106,Y2016
53,53,David Hearn,95,61.83,115,186,Y2016
54,54,Keegan Bradley,82,61.79,76,123,Y2016
55,55,Brendon Todd,66,61.73,100,162,Y2016
56,56,Si Woo Kim,113,61.61,138,224,Y2016
T57,T57,Ernie Els,66,61.54,72,117,Y2016
T57,T57,Jerry Kelly,76,61.54,80,130,Y2016
59,59,Matt Kuchar,100,61.43,86,140,Y2016
60,60,John Senden,88,61.39,97,158,Y2016
61,61,Jason Day,76,61.36,54,88,Y2016
62,62,Harris English,97,61.31,103,168,Y2016
63,63,Gary Woodland,95,61.16,74,121,Y2016
64,64,Spencer Levin,104,61.14,107,175,Y2016
65,65,Brooks Koepka,75,61.11,66,108,Y2016
66,66,Zach Johnson,90,61.07,80,131,Y2016
67,67,Patton Kizzire,93,61.04,94,154,Y2016
68,68,David Toms,62,60.98,75,123,Y2016
69,69,Webb Simpson,70,60.64,57,94,Y2016
70,70,Luke List,79,60.54,89,147,Y2016
T71,T71,Lucas Glover,75,60.34,70,116,Y2016
T71,T71,Mark Hubbard,101,60.34,105,174,Y2016
73,73,Chez Reavie,90,60.29,82,136,Y2016
74,74,Rory Sabbatini,57,60.23,53,88,Y2016
75,75,Ricky Barnes,97,60.2,121,201,Y2016
76,76,Derek Fathauer,94,60.12,98,163,Y2016
T77,T77,Sung Kang,89,60,96,160,Y2016
T77,T77,Brett Stegmaier,87,60,111,185,Y2016
T77,T77,Steve Wheatcroft,85,60,96,160,Y2016
80,80,Kevin Na,96,59.79,58,97,Y2016
81,81,Shawn Stefani,91,59.76,101,169,Y2016
82,82,Retief Goosen,55,59.69,77,129,Y2016
83,83,Daniel Berger,92,59.52,75,126,Y2016
84,84,Ben Martin,92,59.38,95,160,Y2016
85,85,Brian Harman,104,59.34,108,182,Y2016
86,86,Morgan Hoffmann,71,59.29,83,140,Y2016
87,87,Jim Herman,93,59.23,77,130,Y2016
88,88,Harold Varner III,92,59.18,116,196,Y2016
89,89,Ben Crane,80,58.9,86,146,Y2016
90,90,Chad Collins,73,58.86,93,158,Y2016
91,91,Fabián Gómez,82,58.82,80,136,Y2016
92,92,Matt Jones,83,58.62,85,145,Y2016
93,93,Luke Guthrie,57,58.47,69,118,Y2016
94,94,Dustin Johnson,87,58.42,59,101,Y2016
T95,T95,Boo Weekley,83,58.27,81,139,Y2016
T95,T95,Mark Wilson,66,58.27,81,139,Y2016
97,97,Sean O'Hair,89,58.24,99,170,Y2016
98,98,Vijay Singh,72,58.22,85,146,Y2016
99,99,Cameron Tringale,81,58.21,78,134,Y2016
100,100,Michael Thompson,71,58.14,75,129,Y2016
101,101,Anirban Lahiri,72,58.06,54,93,Y2016
102,102,Adam Hadwin,93,58.01,105,181,Y2016
103,103,Kevin Chappell,93,57.94,73,126,Y2016
104,104,Robert Streb,87,57.85,70,121,Y2016
105,105,Graeme McDowell,63,57.83,48,83,Y2016
106,106,Russell Knox,92,57.78,52,90,Y2016
107,107,Kelly Kraft,63,57.69,60,104,Y2016
108,108,John Huh,86,57.5,92,160,Y2016
109,109,Adam Scott,79,57.47,50,87,Y2016
110,110,Justin Thomas,99,57.36,74,129,Y2016
111,111,Willy Wilcox,67,57.35,78,136,Y2016
112,112,Henrik Norlander,71,57.26,71,124,Y2016
113,113,Jimmy Walker,85,57.25,75,131,Y2016
114,114,Jason Kokrak,89,57.24,87,152,Y2016
115,115,Michael Kim,100,57.22,111,194,Y2016
116,116,Tom Hoge,81,57.06,97,170,Y2016
117,117,Dawie van der Walt,72,57.02,69,121,Y2016
118,118,George McNeill,51,56.99,53,93,Y2016
119,119,Cameron Smith,73,56.73,59,104,Y2016
120,120,K.J. Choi,73,56.69,72,127,Y2016
T121,T121,Steve Marino,72,56.56,69,122,Y2016
T121,T121,Wes Roach,59,56.56,69,122,Y2016
123,123,Jhonattan Vegas,97,56.46,83,147,Y2016
124,124,Justin Rose,65,56.45,35,62,Y2016
125,125,Erik Compton,65,56.39,75,133,Y2016
126,126,Blayne Barber,84,56.38,84,149,Y2016
127,127,Patrick Rodgers,89,56.12,78,139,Y2016
128,128,Jim Furyk,52,56.06,37,66,Y2016
129,129,Emiliano Grillo,93,56.03,65,116,Y2016
130,130,Kyle Stanley,92,55.92,85,152,Y2016
131,131,Tyrone Van Aswegen,105,55.71,122,219,Y2016
T132,T132,Thomas Aiken,70,55.56,60,108,Y2016
T132,T132,Robert Garrigus,69,55.56,60,108,Y2016
T132,T132,Nick Taylor,83,55.56,80,144,Y2016
135,135,Will MacKenzie,84,55.48,81,146,Y2016
136,136,Troy Merritt,77,55.47,71,128,Y2016
137,137,Andres Gonzales,80,55.41,87,157,Y2016
138,138,Danny Lee,93,55.38,72,130,Y2016
139,139,Jason Dufner,105,55.24,79,143,Y2016
T140,T140,Brendon de Jonge,83,55.17,80,145,Y2016
T140,T140,Hudson Swafford,104,55.17,96,174,Y2016
142,142,Martin Laird,82,54.79,80,146,Y2016
143,143,Chris Stroud,82,54.73,81,148,Y2016
144,144,Roberto Castro,97,54.66,88,161,Y2016
T145,T145,Abraham Ancer,51,54.55,60,110,Y2016
T145,T145,Peter Malnati,85,54.55,102,187,Y2016
T145,T145,Sam Saunders,69,54.55,72,132,Y2016
148,148,Charley Hoffman,91,54.48,73,134,Y2016
149,149,Bubba Watson,72,54.41,37,68,Y2016
150,150,Scott Brown,88,54.32,88,162,Y2016
151,151,Jason Bohn,67,54.31,63,116,Y2016
152,152,Ángel Cabrera,62,54.24,64,118,Y2016
153,153,Martin Piller,59,53.85,63,117,Y2016
154,154,D.H. Lee,61,53.64,59,110,Y2016
155,155,Ryan Palmer,86,53.38,71,133,Y2016
156,156,Greg Owen,85,53.29,81,152,Y2016
157,157,Scott Piercy,87,53.26,49,92,Y2016
158,158,Hunter Mahan,61,53.17,67,126,Y2016
159,159,Andrew Loupe,75,53.13,85,160,Y2016
160,160,Rhein Gibson,58,53.06,52,98,Y2016
161,161,Scott Pinckney,87,53.03,70,132,Y2016
162,162,Jason Gore,78,52.8,66,125,Y2016
163,163,Jonas Blixt,79,52.76,86,163,Y2016
164,164,Billy Horschel,73,52.5,63,120,Y2016
165,165,Smylie Kaufman,91,52.48,74,141,Y2016
166,166,Seung-Yul Noh,85,52.44,86,164,Y2016
167,167,Ken Duke,58,52.43,54,103,Y2016
168,168,Vaughn Taylor,72,52.08,75,144,Y2016
169,169,Stewart Cink,61,51.96,53,102,Y2016
170,170,Daniel Summerhays,99,51.68,77,149,Y2016
171,171,J.J. Henry,68,51.47,70,136,Y2016
172,172,D.A. Points,55,50.91,56,110,Y2016
173,173,Robert Allenby,51,50.88,58,114,Y2016
174,174,Graham DeLaet,70,50.46,55,109,Y2016
175,175,Chesson Hadley,81,50.38,67,133,Y2016
T176,T176,Louis Oosthuizen,63,50,31,62,Y2016
T176,T176,Kyle Reifers,115,50,89,178,Y2016
178,178,J.B. Holmes,77,49.14,57,116,Y2016
179,179,Tyler Aldridge,83,48.63,71,146,Y2016
180,180,James Hahn,85,48.48,64,132,Y2016
181,181,Carlos Ortiz,79,48.3,71,147,Y2016
182,182,Steven Bowditch,71,47.76,64,134,Y2016
183,183,Kevin Streelman,82,47.57,49,103,Y2016
184,184,Brendan Steele,88,45.67,58,127,Y2016
185,185,Sergio Garcia,54,36.84,14,38,Y2016
1,1,Jason Day,75,70.79,63,89,Y2015
2,2,Jason Dufner,76,69.79,67,96,Y2015
3,3,Steven Alker,62,69.75,83,119,Y2015
4,4,Jamie Donaldson,50,68.97,40,58,Y2015
5,5,Jonathan Byrd,69,68.64,81,118,Y2015
6,6,Ben Crane,62,68.1,79,116,Y2015
7,7,Sung Joon Park,79,67.72,107,158,Y2015
8,8,Dustin Johnson,75,67.68,67,99,Y2015
9,9,Kevin Kisner,104,67.06,114,170,Y2015
10,10,William McGirt,103,66.48,119,179,Y2015
11,11,Kevin Na,98,66.45,103,155,Y2015
12,12,John Peterson,84,66.42,91,137,Y2015
13,13,Patrick Rodgers,57,66.25,53,80,Y2015
14,14,K.J. Choi,66,66.13,82,124,Y2015
15,15,Ian Poulter,68,65.98,64,97,Y2015
T16,T16,Mark Hubbard,79,65.81,102,155,Y2015
T16,T16,Pat Perez,96,65.81,102,155,Y2015
18,18,Henrik Stenson,63,65.63,42,64,Y2015
19,19,Brandt Snedeker,98,65.33,98,150,Y2015
20,20,Hunter Mahan,88,65.14,71,109,Y2015
21,21,Billy Hurley III,83,65.12,84,129,Y2015
22,22,Jon Curran,83,65.07,95,146,Y2015
23,23,Vijay Singh,78,64.84,83,128,Y2015
T24,T24,John Huh,102,64.76,136,210,Y2015
T24,T24,Hideki Matsuyama,95,64.76,68,105,Y2015
26,26,Webb Simpson,81,64.71,66,102,Y2015
27,27,Jerry Kelly,79,64.63,95,147,Y2015
28,28,Scott Brown,97,64.62,126,195,Y2015
29,29,Chad Collins,79,64.57,113,175,Y2015
30,30,Harris English,105,64.46,107,166,Y2015
T31,T31,Jordan Spieth,91,64.29,72,112,Y2015
T31,T31,David Toms,62,64.29,72,112,Y2015
33,33,Bill Haas,89,64.23,88,137,Y2015
34,34,Ryan Palmer,80,63.96,71,111,Y2015
35,35,Alex Cejka,94,63.79,111,174,Y2015
36,36,Johnson Wagner,68,63.77,88,138,Y2015
37,37,Willy Wilcox,58,63.64,49,77,Y2015
38,38,Phil Mickelson,70,63.54,61,96,Y2015
39,39,Matt Jones,89,63.5,87,137,Y2015
40,40,Brendon Todd,96,63.46,99,156,Y2015
41,41,Steve Wheatcroft,87,63.06,99,157,Y2015
42,42,Tim Wilkinson,73,62.96,85,135,Y2015
43,43,Zac Blair,108,62.86,110,175,Y2015
44,44,Ryan Moore,81,62.83,71,113,Y2015
45,45,Russell Henley,87,62.73,69,110,Y2015
T46,T46,David Hearn,97,62.66,99,158,Y2015
T46,T46,Camilo Villegas,83,62.66,99,158,Y2015
48,48,Jim Furyk,71,62.63,62,99,Y2015
49,49,Steven Bowditch,103,62.57,117,187,Y2015
T50,T50,Russell Knox,96,62.35,101,162,Y2015
T50,T50,Cameron Tringale,96,62.35,106,170,Y2015
52,52,Bubba Watson,71,62.24,61,98,Y2015
53,53,John Merrick,78,62.16,92,148,Y2015
54,54,Brendon de Jonge,106,62.09,113,182,Y2015
55,55,Justin Rose,69,62.03,49,79,Y2015
56,56,Kevin Chappell,86,61.97,88,142,Y2015
57,57,Aaron Baddeley,76,61.94,96,155,Y2015
T58,T58,Brian Davis,86,61.78,97,157,Y2015
T58,T58,Max Homa,78,61.78,97,157,Y2015
60,60,Troy Merritt,91,61.73,100,162,Y2015
61,61,Justin Thomas,106,61.65,127,206,Y2015
62,62,Justin Leonard,61,61.64,98,159,Y2015
63,63,Jhonattan Vegas,90,61.63,106,172,Y2015
64,64,Boo Weekley,79,61.59,85,138,Y2015
65,65,Matt Kuchar,97,61.43,86,140,Y2015
66,66,Ken Duke,93,61.19,123,201,Y2015
67,67,Chris Stroud,84,61.18,93,152,Y2015
T68,T68,Bryce Molder,91,61.14,107,175,Y2015
T68,T68,Carl Pettersson,106,61.14,129,211,Y2015
70,70,Jimmy Walker,89,61.05,58,95,Y2015
71,71,David Lingmerth,90,60.96,89,146,Y2015
72,72,Keegan Bradley,87,60.74,82,135,Y2015
73,73,Patrick Reed,103,60.59,103,170,Y2015
74,74,Daniel Berger,97,60.33,111,184,Y2015
T75,T75,Stewart Cink,77,60.19,62,103,Y2015
T75,T75,Zach Johnson,90,60.19,62,103,Y2015
77,77,Derek Ernst,75,60.15,80,133,Y2015
78,78,Erik Compton,86,60.14,89,148,Y2015
T79,T79,Sangmoon Bae,98,60,105,175,Y2015
T79,T79,Graham DeLaet,65,60,69,115,Y2015
T79,T79,Oscar Fraustro,58,60,57,95,Y2015
T79,T79,Fabián Gómez,83,60,114,190,Y2015
83,83,Danny Lee,120,59.9,115,192,Y2015
84,84,Robert Streb,110,59.78,110,184,Y2015
85,85,Morgan Hoffmann,85,59.76,98,164,Y2015
86,86,Gonzalo Fernandez-Castaño,81,59.72,86,144,Y2015
87,87,Spencer Levin,99,59.68,111,186,Y2015
88,88,Chad Campbell,97,59.43,104,175,Y2015
89,89,D.A. Points,72,59.42,82,138,Y2015
90,90,Paul Casey,87,59.38,57,96,Y2015
91,91,Brian Stuard,97,59.32,105,177,Y2015
92,92,Mark Wilson,89,59.17,100,169,Y2015
93,93,Scott Pinckney,88,59.15,97,164,Y2015
94,94,Ricky Barnes,82,59.12,107,181,Y2015
95,95,J.B. Holmes,89,59.09,78,132,Y2015
96,96,Rickie Fowler,76,59.05,62,105,Y2015
97,97,Brian Harman,90,58.96,102,173,Y2015
98,98,Jonas Blixt,78,58.87,73,124,Y2015
99,99,Andrew Putnam,68,58.82,90,153,Y2015
100,100,Scott Piercy,90,58.75,94,160,Y2015
101,101,Luke Donald,71,58.65,61,104,Y2015
102,102,Davis Love III,51,58.51,55,94,Y2015
103,103,Jason Bohn,95,58.5,86,147,Y2015
104,104,Tom Hoge,83,58.38,101,173,Y2015
T105,T105,Greg Owen,58,58.33,56,96,Y2015
T105,T105,Jonathan Randolph,72,58.33,77,132,Y2015
107,107,Rory Sabbatini,81,58.22,85,146,Y2015
108,108,Eric Axley,57,58.21,78,134,Y2015
109,109,Whee Kim,71,58.16,82,141,Y2015
110,110,Sean O'Hair,86,58.02,94,162,Y2015
111,111,Daniel Summerhays,101,58.01,105,181,Y2015
T112,T112,Sergio Garcia,59,57.81,37,64,Y2015
T112,T112,Andres Romero,69,57.81,74,128,Y2015
T114,T114,Blayne Barber,76,57.5,69,120,Y2015
T114,T114,Roberto Castro,54,57.5,46,80,Y2015
T114,T114,Jeff Overton,94,57.5,92,160,Y2015
117,117,Charley Hoffman,97,57.42,89,155,Y2015
118,118,Kyle Reifers,96,57.38,105,183,Y2015
119,119,Charl Schwartzel,67,57.33,43,75,Y2015
120,120,Roger Sloan,56,57.27,63,110,Y2015
121,121,Billy Horschel,99,57.24,87,152,Y2015
122,122,Retief Goosen,81,57.14,80,140,Y2015
123,123,Byron Smith,59,57,57,100,Y2015
124,124,Chris Kirk,76,56.78,67,118,Y2015
125,125,Martin Flores,95,56.77,88,155,Y2015
126,126,Gary Woodland,81,56.41,66,117,Y2015
127,127,Colt Knost,90,56.29,85,151,Y2015
128,128,Lucas Glover,79,56.25,72,128,Y2015
129,129,Matt Every,73,56,70,125,Y2015
130,130,Michael Thompson,83,55.95,94,168,Y2015
131,131,George McNeill,93,55.8,101,181,Y2015
132,132,Charles Howell III,105,55.68,98,176,Y2015
133,133,Francesco Molinari,56,55.56,35,63,Y2015
T134,T134,J.J. Henry,94,55.49,91,164,Y2015
T134,T134,Scott Langley,94,55.49,96,173,Y2015
136,136,Marc Leishman,74,55.43,51,92,Y2015
137,137,Brice Garnett,81,55.41,82,148,Y2015
138,138,Jim Renner,68,55.19,85,154,Y2015
139,139,Chesson Hadley,101,55.03,104,189,Y2015
140,140,Bo Van Pelt,81,54.97,83,151,Y2015
141,141,Hudson Swafford,97,54.95,100,182,Y2015
142,142,Heath Slocum,57,54.87,62,113,Y2015
143,143,Brooks Koepka,84,54.55,60,110,Y2015
144,144,Tyrone Van Aswegen,58,54.26,70,129,Y2015
145,145,Jim Herman,88,54.07,73,135,Y2015
146,146,Ben Martin,93,54,81,150,Y2015
147,147,Luke Guthrie,84,53.89,90,167,Y2015
148,148,John Senden,80,53.85,42,78,Y2015
149,149,Chez Reavie,56,53.76,50,93,Y2015
150,150,James Hahn,94,53.69,80,149,Y2015
151,151,Carlos Ortiz,100,53.55,83,155,Y2015
152,152,Martin Laird,77,53.49,92,172,Y2015
153,153,Nick Watney,91,53.42,86,161,Y2015
154,154,Padraig Harrington,60,53.39,63,118,Y2015
T155,T155,Michael Putnam,87,53.33,64,120,Y2015
T155,T155,Shawn Stefani,94,53.33,80,150,Y2015
157,157,Ernie Els,57,52.81,47,89,Y2015
158,158,Nick Taylor,91,52.78,95,180,Y2015
159,159,Andrew Svoboda,80,52.76,86,163,Y2015
160,160,Kevin Streelman,95,52.63,60,114,Y2015
161,161,Andres Gonzales,90,52.6,81,154,Y2015
162,162,Brendan Steele,88,52.48,74,141,Y2015
163,163,Adam Hadwin,95,52.33,90,172,Y2015
164,164,Derek Fathauer,81,52.3,91,174,Y2015
165,165,Sam Saunders,83,52.27,69,132,Y2015
166,166,Nicholas Thompson,90,52.03,64,123,Y2015
T167,T167,Geoff Ogilvy,50,51.85,42,81,Y2015
T167,T167,Scott Stallings,60,51.85,56,108,Y2015
169,169,Robert Allenby,63,51.64,63,122,Y2015
170,170,Cameron Percy,72,51.61,64,124,Y2015
171,171,Seung-Yul Noh,65,51.38,56,109,Y2015
172,172,Greg Chalmers,58,51.22,42,82,Y2015
173,173,Ryo Ishikawa,90,51.16,88,172,Y2015
174,174,Bill Lunde,50,51.09,47,92,Y2015
175,175,Jason Kokrak,88,50.94,81,159,Y2015
176,176,Alex Prugh,84,50.81,63,124,Y2015
177,177,Tony Finau,106,50.55,92,182,Y2015
178,178,Jason Gore,76,50.38,66,131,Y2015
179,179,Louis Oosthuizen,68,49.3,35,71,Y2015
180,180,Robert Garrigus,70,48.85,64,131,Y2015
181,181,Charlie Beljan,76,45.9,56,122,Y2015
182,182,Adam Scott,51,45.1,23,51,Y2015
183,183,Ángel Cabrera,53,40.3,27,67,Y2015
184,184,Lee Westwood,56,40,18,45,Y2015
1,1,Sergio Garcia,61,74.19,46,62,Y2014
2,2,Jim Furyk,84,71.43,70,98,Y2014
3,3,Brian Gay,81,70.47,105,149,Y2014
4,4,Kevin Na,94,70.32,109,155,Y2014
5,5,Tim Wilkinson,86,70.29,123,175,Y2014
6,6,David Toms,64,69.92,86,123,Y2014
7,7,"Ted Potter, Jr.",68,68.47,76,111,Y2014
8,8,Ricky Barnes,92,68.06,130,191,Y2014
9,9,Justin Rose,70,67.37,64,95,Y2014
10,10,Shawn Stefani,60,66.67,68,102,Y2014
11,11,Keegan Bradley,89,66.42,89,134,Y2014
12,12,Luke Guthrie,85,66.29,116,175,Y2014
13,13,Freddie Jacobson,91,66.27,112,169,Y2014
14,14,Y.E. Yang,79,66.21,96,145,Y2014
15,15,Gary Woodland,93,65.6,82,125,Y2014
16,16,Charl Schwartzel,64,65.56,59,90,Y2014
17,17,Jordan Spieth,102,65.47,91,139,Y2014
18,18,Ernie Els,85,65.38,85,130,Y2014
19,19,Hideki Matsuyama,82,64.81,70,108,Y2014
20,20,J.B. Holmes,86,64.6,104,161,Y2014
21,21,Cameron Tringale,111,64.52,120,186,Y2014
22,22,Robert Streb,75,64.35,74,115,Y2014
23,23,Ryan Moore,86,64.29,72,112,Y2014
24,24,Jerry Kelly,80,64.24,97,151,Y2014
T25,T25,Brice Garnett,92,64,112,175,Y2014
T25,T25,Patrick Reed,92,64,96,150,Y2014
27,27,David Hearn,97,63.89,115,180,Y2014
28,28,Billy Hurley III,86,63.83,90,141,Y2014
29,29,Chris Kirk,105,63.78,118,185,Y2014
T30,T30,Brian Davis,93,63.64,119,187,Y2014
T30,T30,Phil Mickelson,71,63.64,56,88,Y2014
32,32,Brad Fritsch,50,63.44,59,93,Y2014
33,33,Scott Langley,95,63.19,115,182,Y2014
34,34,Johnson Wagner,69,63.16,96,152,Y2014
35,35,Graeme McDowell,66,62.96,51,81,Y2014
36,36,Daniel Summerhays,98,62.72,106,169,Y2014
37,37,Willy Wilcox,51,62.63,62,99,Y2014
38,38,Webb Simpson,87,62.6,77,123,Y2014
T39,T39,Chad Collins,78,62.5,115,184,Y2014
T39,T39,Luke Donald,57,62.5,55,88,Y2014
41,41,Charles Howell III,106,62.35,106,170,Y2014
42,42,Jason Day,54,62.3,38,61,Y2014
43,43,Ian Poulter,57,62.16,46,74,Y2014
44,44,Spencer Levin,59,62.07,72,116,Y2014
45,45,Stuart Appleby,92,61.88,112,181,Y2014
46,46,Kevin Tway,64,61.79,76,123,Y2014
47,47,Erik Compton,88,61.71,108,175,Y2014
48,48,D.H. Lee,54,61.7,58,94,Y2014
49,49,Ryan Palmer,85,61.54,80,130,Y2014
50,50,John Senden,99,61.49,91,148,Y2014
51,51,Greg Chalmers,85,61.4,105,171,Y2014
52,52,Brian Stuard,91,61.27,106,173,Y2014
53,53,Jason Kokrak,65,60.98,75,123,Y2014
54,54,Jeff Overton,80,60.93,92,151,Y2014
55,55,Scott Brown,100,60.92,106,174,Y2014
56,56,William McGirt,96,60.85,115,189,Y2014
57,57,Billy Horschel,92,60.8,76,125,Y2014
58,58,Martin Flores,85,60.78,93,153,Y2014
59,59,Kevin Kisner,85,60.58,83,137,Y2014
60,60,Heath Slocum,71,60.56,86,142,Y2014
61,61,Charley Hoffman,93,60.54,89,147,Y2014
T62,T62,Bill Haas,107,60.43,84,139,Y2014
T62,T62,Jhonattan Vegas,77,60.43,84,139,Y2014
64,64,Jamie Lovemark,64,60.36,67,111,Y2014
65,65,Jonathan Byrd,76,60.26,91,151,Y2014
66,66,Andrew Svoboda,77,60.25,97,161,Y2014
67,67,Brendon Todd,108,60.23,106,176,Y2014
68,68,Jonas Blixt,64,60.22,56,93,Y2014
T69,T69,Paul Casey,56,60,51,85,Y2014
T69,T69,Matt Every,85,60,78,130,Y2014
T69,T69,Boo Weekley,73,60,54,90,Y2014
T72,T72,Ben Curtis,77,59.87,94,157,Y2014
T72,T72,Justin Leonard,75,59.87,94,157,Y2014
74,74,Russell Henley,92,59.85,82,137,Y2014
75,75,Kevin Stadler,90,59.66,71,119,Y2014
76,76,Pat Perez,84,59.64,99,166,Y2014
77,77,Jeff Maggert,54,59.6,59,99,Y2014
78,78,Bryce Molder,77,59.4,79,133,Y2014
T79,T79,John Rollins,84,59.38,95,160,Y2014
T79,T79,Chris Stroud,88,59.38,95,160,Y2014
81,81,Chad Campbell,57,59.34,54,91,Y2014
82,82,Sean O'Hair,77,59.31,86,145,Y2014
83,83,Retief Goosen,94,59.17,100,169,Y2014
84,84,Bronson La'Cassie,51,59.05,62,105,Y2014
85,85,Ben Martin,80,58.99,82,139,Y2014
86,86,Lee Westwood,57,58.97,46,78,Y2014
87,87,Louis Oosthuizen,50,58.93,33,56,Y2014
88,88,Tim Clark,75,58.9,86,146,Y2014
89,89,Bud Cauley,56,58.88,63,107,Y2014
90,90,Brooks Koepka,56,58.82,60,102,Y2014
91,91,Zach Johnson,97,58.7,81,138,Y2014
92,92,Bo Van Pelt,83,58.65,78,133,Y2014
T93,T93,Russell Knox,92,58.52,79,135,Y2014
T93,T93,Michael Thompson,74,58.52,79,135,Y2014
95,95,Aaron Baddeley,74,58.39,87,149,Y2014
96,96,K.J. Choi,80,58.33,77,132,Y2014
T97,T97,Carl Pettersson,91,58.28,88,151,Y2014
T97,T97,Camilo Villegas,95,58.28,95,163,Y2014
99,99,Troy Merritt,62,58.26,67,115,Y2014
100,100,Ben Crane,81,58.1,104,179,Y2014
101,101,Trevor Immelman,84,58,87,150,Y2014
102,102,Jimmy Walker,98,57.89,77,133,Y2014
T103,T103,Robert Allenby,83,57.86,81,140,Y2014
T103,T103,James Driscoll,71,57.86,81,140,Y2014
105,105,Ryo Ishikawa,75,57.82,85,147,Y2014
T106,T106,Jason Dufner,57,57.69,30,52,Y2014
T106,T106,Richard Lee,80,57.69,90,156,Y2014
108,108,Martin Laird,66,57.5,69,120,Y2014
109,109,John Huh,87,57.45,81,141,Y2014
110,110,Matt Kuchar,91,57.39,66,115,Y2014
111,111,Geoff Ogilvy,84,57.36,74,129,Y2014
112,112,Charlie Wi,72,57.23,95,166,Y2014
113,113,Woody Austin,63,57.02,69,121,Y2014
114,114,Morgan Hoffmann,103,56.92,111,195,Y2014
115,115,Andrew Loupe,65,56.91,70,123,Y2014
116,116,Rickie Fowler,91,56.88,62,109,Y2014
T117,T117,Jason Bohn,81,56.67,85,150,Y2014
T117,T117,Bubba Watson,76,56.67,51,90,Y2014
119,119,Stewart Cink,91,56.64,64,113,Y2014
120,120,Hunter Mahan,88,56.6,60,106,Y2014
121,121,Vijay Singh,83,56.46,83,147,Y2014
122,122,Andres Romero,81,56.42,101,179,Y2014
123,123,Robert Garrigus,80,56.25,81,144,Y2014
124,124,Wes Roach,67,56.15,73,130,Y2014
T125,T125,Jim Herman,62,56.14,64,114,Y2014
T125,T125,John Peterson,62,56.14,64,114,Y2014
127,127,Brian Harman,111,56,126,225,Y2014
128,128,Gonzalo Fernandez-Castaño,83,55.84,86,154,Y2014
129,129,Mike Weir,69,55.76,92,165,Y2014
130,130,Brendon de Jonge,109,55.69,93,167,Y2014
131,131,Adam Scott,68,55.42,46,83,Y2014
132,132,Harris English,95,55.41,82,148,Y2014
133,133,Hudson Swafford,75,55.37,67,121,Y2014
134,134,Josh Teater,90,55.36,93,168,Y2014
135,135,James Hahn,82,55.26,84,152,Y2014
T136,T136,Matt Jones,83,55.17,64,116,Y2014
T136,T136,George McNeill,79,55.17,80,145,Y2014
138,138,John Merrick,87,55,77,140,Y2014
139,139,Seung-Yul Noh,92,54.97,83,151,Y2014
140,140,Brandt Snedeker,89,54.96,72,131,Y2014
141,141,Graham DeLaet,80,54.92,67,122,Y2014
142,142,Derek Ernst,80,54.74,75,137,Y2014
143,143,Sangmoon Bae,76,54.73,81,148,Y2014
144,144,Rory Sabbatini,82,54.55,66,121,Y2014
145,145,Roberto Castro,76,54.47,67,123,Y2014
146,146,Steven Bowditch,93,54.44,92,169,Y2014
147,147,Michael Putnam,106,54.12,92,170,Y2014
148,148,Will MacKenzie,82,54.11,79,146,Y2014
149,149,Davis Love III,74,54.01,74,137,Y2014
150,150,Justin Hicks,103,53.74,79,147,Y2014
151,151,Tyrone Van Aswegen,79,53.7,87,162,Y2014
152,152,Brendan Steele,89,53.59,82,153,Y2014
153,153,Tommy Gainey,73,53.47,77,144,Y2014
154,154,Ken Duke,80,53.08,69,130,Y2014
155,155,J.J. Henry,91,53.04,96,181,Y2014
156,156,Danny Lee,84,53.02,79,149,Y2014
157,157,Mark Wilson,69,52.74,77,146,Y2014
158,158,Kevin Streelman,79,52.43,54,103,Y2014
159,159,Charlie Beljan,76,52.21,71,136,Y2014
160,160,Troy Matteson,62,51.88,69,133,Y2014
161,161,Kevin Chappell,100,51.79,87,168,Y2014
162,162,Marc Leishman,81,51.55,50,97,Y2014
163,163,Briny Baird,50,51.33,58,113,Y2014
164,164,David Lingmerth,80,51.09,70,137,Y2014
T165,T165,Jim Renner,61,50,56,112,Y2014
T165,T165,Scott Stallings,77,50,59,118,Y2014
T165,T165,Nicholas Thompson,85,50,69,138,Y2014
T165,T165,Nick Watney,80,50,53,106,Y2014
169,169,Kyle Stanley,87,49.67,75,151,Y2014
170,170,Ángel Cabrera,69,49.43,43,87,Y2014
171,171,Rory McIlroy,66,47.54,29,61,Y2014
172,172,Henrik Stenson,56,47.46,28,59,Y2014
173,173,D.A. Points,75,45.67,58,127,Y2014
174,174,Dustin Johnson,58,45.45,30,66,Y2014
175,175,Lucas Glover,68,43.69,45,103,Y2014
176,176,Martin Kaymer,65,42.68,35,82,Y2014
177,177,Chesson Hadley,84,42.47,62,146,Y2014
